126,abhor,anger,1
136,abhorrent,anger,1
226,abolish,anger,1
256,abomination,anger,1
586,abuse,anger,1
1076,accursed,anger,1
1086,accusation,anger,1
1106,accused,anger,1
1116,accuser,anger,1
1126,accusing,anger,1
1426,actionable,anger,1
1606,adder,anger,1
2346,adversary,anger,1
2356,adverse,anger,1
2366,adversity,anger,1
2456,advocacy,anger,1
2796,affront,anger,1
2876,aftermath,anger,1
2986,aggravated,anger,1
2996,aggravating,anger,1
3006,aggravation,anger,1
3036,aggression,anger,1
3046,aggressive,anger,1
3056,aggressor,anger,1
3096,agitated,anger,1
3106,agitation,anger,1
3146,agony,anger,1
3526,alcoholism,anger,1
3636,alienate,anger,1
3656,alienation,anger,1
3776,allegation,anger,1
4156,altercation,anger,1
4406,ambush,anger,1
4906,anarchism,anger,1
4916,anarchist,anger,1
4926,anarchy,anger,1
4946,anathema,anger,1
5096,anger,anger,1
5101,anger,negative,1
5146,angry,anger,1
5156,anguish,anger,1
5226,animosity,anger,1
5236,animus,anger,1
5296,annihilate,anger,1
5306,annihilated,anger,1
5316,annihilation,anger,1
5366,annoy,anger,1
5376,annoyance,anger,1
5386,annoying,anger,1
5536,antagonism,anger,1
5546,antagonist,anger,1
5556,antagonistic,anger,1
5676,antichrist,anger,1
5736,antipathy,anger,1
5796,antisocial,anger,1
5806,antithesis,anger,1
5856,anxiety,anger,1
6976,argue,anger,1
6986,argument,anger,1
6996,argumentation,anger,1
7016,arguments,anger,1
7106,armament,anger,1
7136,armed,anger,1
7226,arraignment,anger,1
7326,arrogant,anger,1
7366,arson,anger,1
7736,assail,anger,1
7746,assailant,anger,1
7756,assassin,anger,1
7766,assassinate,anger,1
7776,assassination,anger,1
7786,assault,anger,1
7926,asshole,anger,1
8506,atrocious,anger,1
8516,atrocity,anger,1
8556,attack,anger,1
8566,attacking,anger,1
8736,attorney,anger,1
9266,avarice,anger,1
9286,avenger,anger,1
9326,averse,anger,1
9336,aversion,anger,1
9486,awful,anger,1
9706,backbone,anger,1
9836,bad,anger,1
9856,badger,anger,1
9876,badness,anger,1
10236,bane,anger,1
10246,bang,anger,1
10256,banger,anger,1
10266,banish,anger,1
10276,banished,anger,1
10286,banishment,anger,1
10336,bankruptcy,anger,1
10366,banshee,anger,1
10416,barb,anger,1
10436,barbaric,anger,1
10556,bark,anger,1
10666,barrier,anger,1
10876,bastion,anger,1
10976,battalion,anger,1
10986,batter,anger,1
11006,battery,anger,1
11016,battle,anger,1
11026,battled,anger,1
11066,bayonet,anger,1
11196,bear,anger,1
11256,bearish,anger,1
11266,beast,anger,1
11296,beating,anger,1
11426,bee,anger,1
11706,belittle,anger,1
11726,belligerent,anger,1
11746,bellows,anger,1
11776,belt,anger,1
11996,berserk,anger,1
12066,betray,anger,1
12076,betrayal,anger,1
12186,bias,anger,1
12236,bickering,anger,1
12336,bigot,anger,1
12346,bigoted,anger,1
12386,bile,anger,1
12636,birch,anger,1
12676,birthplace,anger,1
12746,bitch,anger,1
12766,bitterly,anger,1
12776,bitterness,anger,1
12856,blackmail,anger,1
12906,blame,anger,1
12956,blasphemous,anger,1
12966,blasphemy,anger,1
12976,blast,anger,1
12986,blatant,anger,1
13006,blaze,anger,1
13056,blemish,anger,1
13296,blockade,anger,1
13346,bloodshed,anger,1
13356,bloodthirsty,anger,1
13366,bloody,anger,1
13726,bogus,anger,1
13776,boisterous,anger,1
13836,bomb,anger,1
13846,bombard,anger,1
13856,bombardment,anger,1
14426,bothering,anger,1
14586,bout,anger,1
14666,boxing,anger,1
14936,brawl,anger,1
14946,brazen,anger,1
15366,brimstone,anger,1
15476,broil,anger,1
15496,broken,anger,1
15676,brunt,anger,1
15696,brutal,anger,1
15706,brutality,anger,1
15716,brute,anger,1
15846,buffet,anger,1
15866,bugaboo,anger,1
16066,bully,anger,1
16096,bummer,anger,1
16286,burial,anger,1
16306,burke,anger,1
16516,busted,anger,1
16566,butcher,anger,1
16856,cacophony,anger,1
16866,cad,anger,1
17136,callous,anger,1
17316,campaigning,anger,1
17386,cancer,anger,1
17486,cane,anger,1
17516,canker,anger,1
17556,cannon,anger,1
18096,carelessness,anger,1
18176,carnage,anger,1
18446,cash,anger,1
18586,casualty,anger,1
18686,catastrophe,anger,1
18926,caution,anger,1
19116,celebrity,anger,1
19216,censor,anger,1
19496,chaff,anger,1
19616,challenge,anger,1
19776,chant,anger,1
19786,chaos,anger,1
19796,chaotic,anger,1
20166,cheat,anger,1
20726,choke,anger,1
21426,claimant,anger,1
21456,clamor,anger,1
21546,clash,anger,1
21556,clashing,anger,1
21676,claw,anger,1
22646,coerce,anger,1
22656,coercion,anger,1
22946,coldness,anger,1
23136,collision,anger,1
23166,collusion,anger,1
23356,combat,anger,1
23366,combatant,anger,1
23376,combative,anger,1
23826,commotion,anger,1
23896,communism,anger,1
24296,complain,anger,1
24306,complaint,anger,1
24446,complicate,anger,1
24646,compress,anger,1
24716,compulsion,anger,1
24836,concealment,anger,1
25136,concussion,anger,1
25146,condemn,anger,1
25156,condemnation,anger,1
25196,condescension,anger,1
25496,confine,anger,1
25506,confined,anger,1
25516,confinement,anger,1
25576,confiscate,anger,1
25596,conflagration,anger,1
25606,conflict,anger,1
25686,confront,anger,1
25706,confusion,anger,1
26006,conquest,anger,1
26306,conspirator,anger,1
26376,consternation,anger,1
26476,constraint,anger,1
26716,contempt,anger,1
26726,contemptible,anger,1
26736,contemptuous,anger,1
26776,contentious,anger,1
26976,contraband,anger,1
27036,contradict,anger,1
27156,controversial,anger,1
27446,convict,anger,1
27616,coop,anger,1
27716,copycat,anger,1
28136,corrupting,anger,1
28396,counsellor,anger,1
28556,coup,anger,1
28646,court,anger,1
28896,crabby,anger,1
28916,cracked,anger,1
29066,cranky,anger,1
29186,crazed,anger,1
29196,crazy,anger,1
29526,crime,anger,1
29536,criminal,anger,1
29546,criminality,anger,1
29646,criticism,anger,1
29656,criticize,anger,1
29766,cross,anger,1
29936,crucifixion,anger,1
29956,cruel,anger,1
29966,cruelly,anger,1
29976,cruelty,anger,1
30026,crunch,anger,1
30036,crusade,anger,1
30056,crushed,anger,1
30066,crushing,anger,1
30476,cur,anger,1
30626,curse,anger,1
30636,cursed,anger,1
30646,cursing,anger,1
30766,cussed,anger,1
30896,cutthroat,anger,1
30906,cutting,anger,1
31096,dabbling,anger,1
31126,daemon,anger,1
31216,damage,anger,1
31236,dame,anger,1
31246,damn,anger,1
31256,damnation,anger,1
31466,darkness,anger,1
31526,dashed,anger,1
31546,dastardly,anger,1
31696,deadly,anger,1
31806,death,anger,1
31966,deceit,anger,1
31986,deceive,anger,1
31996,deceived,anger,1
32316,decry,anger,1
32406,defamatory,anger,1
32446,defect,anger,1
32486,defendant,anger,1
32526,defense,anger,1
32606,defiance,anger,1
32616,defiant,anger,1
32686,deflate,anger,1
32766,defraud,anger,1
32806,defy,anger,1
32816,degeneracy,anger,1
32896,delay,anger,1
32946,deleterious,anger,1
33076,delinquent,anger,1
33156,delusion,anger,1
33166,delusional,anger,1
33186,demand,anger,1
33266,demolish,anger,1
33286,demon,anger,1
33296,demonic,anger,1
33466,denounce,anger,1
33516,denunciation,anger,1
33526,deny,anger,1
33676,deplorable,anger,1
33686,deplore,anger,1
33716,deportation,anger,1
33776,depraved,anger,1
33786,depravity,anger,1
33796,depreciate,anger,1
33806,depreciated,anger,1
33836,depressed,anger,1
33876,deprivation,anger,1
33916,deranged,anger,1
33936,derision,anger,1
34006,derogation,anger,1
34016,derogatory,anger,1
34106,desecration,anger,1
34116,desert,anger,1
34126,deserted,anger,1
34146,deserve,anger,1
34276,desist,anger,1
34306,despair,anger,1
34356,despicable,anger,1
34366,despise,anger,1
34386,despotism,anger,1
34446,destroyed,anger,1
34456,destroyer,anger,1
34466,destroying,anger,1
34476,destruction,anger,1
34486,destructive,anger,1
34556,detainee,anger,1
34666,deterioration,anger,1
34716,detest,anger,1
34736,detonation,anger,1
34756,detract,anger,1
34806,devastate,anger,1
34816,devastating,anger,1
34826,devastation,anger,1
34906,devil,anger,1
35066,diabolical,anger,1
35226,diatribe,anger,1
35296,dictatorial,anger,1
35306,dictatorship,anger,1
35476,difficulty,anger,1
36026,disagree,anger,1
36046,disagreeing,anger,1
36056,disagreement,anger,1
36076,disallowed,anger,1
36116,disappoint,anger,1
36126,disappointed,anger,1
36166,disapprove,anger,1
36176,disapproved,anger,1
36186,disapproving,anger,1
36216,disaster,anger,1
36226,disastrous,anger,1
36386,disclaim,anger,1
36496,discontent,anger,1
36546,discord,anger,1
36696,discriminate,anger,1
36716,discrimination,anger,1
36756,disdain,anger,1
36766,disease,anger,1
36816,disfigured,anger,1
36826,disgrace,anger,1
36836,disgraced,anger,1
36846,disgraceful,anger,1
36856,disgruntled,anger,1
36886,disgust,anger,1
36896,disgusting,anger,1
36936,dishonest,anger,1
36956,dishonor,anger,1
36966,disillusionment,anger,1
37006,disinformation,anger,1
37106,dislike,anger,1
37116,disliked,anger,1
37126,dislocated,anger,1
37166,dismay,anger,1
37196,dismissal,anger,1
37216,disobedience,anger,1
37226,disobedient,anger,1
37236,disobey,anger,1
37276,disparage,anger,1
37286,disparaging,anger,1
37306,disparity,anger,1
37406,displaced,anger,1
37436,displeased,anger,1
37496,dispossessed,anger,1
37516,dispute,anger,1
37536,disqualified,anger,1
37576,disreputable,anger,1
37596,disrespect,anger,1
37606,disrespectful,anger,1
37616,disruption,anger,1
37686,dissension,anger,1
37726,disservice,anger,1
37736,dissident,anger,1
37786,dissolution,anger,1
37806,dissonance,anger,1
37986,distracted,anger,1
37996,distracting,anger,1
38026,distress,anger,1
38046,distressing,anger,1
38086,distrust,anger,1
38096,disturbance,anger,1
38106,disturbed,anger,1
38126,disused,anger,1
38446,divorce,anger,1
38826,dominate,anger,1
38846,domination,anger,1
38946,doomsday,anger,1
39456,dreadful,anger,1
40026,duel,anger,1
40116,dumps,anger,1
40176,dupe,anger,1
40216,duplicity,anger,1
40256,duress,anger,1
40386,dying,anger,1
40646,earthquake,anger,1
41176,effigy,anger,1
41236,egregious,anger,1
41396,elbow,anger,1
41626,elf,anger,1
41656,elimination,anger,1
42666,encumbrance,anger,1
42756,endless,anger,1
42866,enemy,anger,1
42896,enforce,anger,1
43186,enmity,anger,1
43276,enslaved,anger,1
43326,entangled,anger,1
43686,epidemic,anger,1
44016,eradicate,anger,1
44026,eradication,anger,1
44216,erupt,anger,1
44226,eruption,anger,1
44246,escalate,anger,1
44296,eschew,anger,1
44736,evade,anger,1
44926,eviction,anger,1
44956,evil,anger,1
45016,exacerbation,anger,1
45036,exaggerate,anger,1
45136,exasperation,anger,1
45336,excitation,anger,1
45346,excite,anger,1
45486,execution,anger,1
45496,executioner,anger,1
45726,exile,anger,1
46006,expel,anger,1
46206,expletive,anger,1
46226,explode,anger,1
46276,explosive,anger,1
46426,expulsion,anger,1
46546,extermination,anger,1
46586,extinguish,anger,1
47086,failing,anger,1
47216,fallacious,anger,1
47266,falsehood,anger,1
47286,falsification,anger,1
47736,fatal,anger,1
47916,fear,anger,1
48086,fee,anger,1
48136,feeling,anger,1
48306,fenced,anger,1
48376,ferocious,anger,1
48386,ferocity,anger,1
48436,fervor,anger,1
48496,feud,anger,1
48516,feudalism,anger,1
48576,fib,anger,1
48686,fiend,anger,1
48696,fierce,anger,1
48716,fight,anger,1
48736,fighting,anger,1
49136,firearms,anger,1
49406,fits,anger,1
49536,flagrant,anger,1
49866,fleece,anger,1
50076,flog,anger,1
50236,fluctuation,anger,1
50526,foe,anger,1
50846,foray,anger,1
50876,forbidding,anger,1
50886,force,anger,1
50916,forcibly,anger,1
50946,forearm,anger,1
51186,forfeit,anger,1
51486,forsaken,anger,1
51676,foul,anger,1
51956,fraud,anger,1
51966,fraudulent,anger,1
52116,frenetic,anger,1
52126,frenzied,anger,1
52206,friction,anger,1
52296,frightful,anger,1
52516,frowning,anger,1
52586,frustrate,anger,1
52596,frustrated,anger,1
52606,frustration,anger,1
52646,fugitive,anger,1
52746,fuming,anger,1
52876,furious,anger,1
52886,furiously,anger,1
52906,furnace,anger,1
52936,furor,anger,1
52966,fury,anger,1
52996,fuss,anger,1
53176,gall,anger,1
53246,gallows,anger,1
53356,gang,anger,1
54096,gent,anger,1
54336,gibberish,anger,1
54626,glare,anger,1
54636,glaring,anger,1
55006,gnome,anger,1
55106,godless,anger,1
55206,gonorrhea,anger,1
55326,gore,anger,1
55366,gory,anger,1
55486,grab,anger,1
55866,grated,anger,1
55896,grating,anger,1
56096,greed,anger,1
56236,grievance,anger,1
56256,grievous,anger,1
56296,grim,anger,1
56506,grope,anger,1
56656,growl,anger,1
56666,growling,anger,1
56696,grudge,anger,1
56726,gruff,anger,1
56736,grumble,anger,1
56746,grumpy,anger,1
56936,guillotine,anger,1
56956,guilty,anger,1
57076,gun,anger,1
57476,halter,anger,1
57576,hamstring,anger,1
57716,hanging,anger,1
57836,harass,anger,1
57846,harassing,anger,1
57856,harbinger,anger,1
57886,hardened,anger,1
57986,harmful,anger,1
58086,harry,anger,1
58096,harshness,anger,1
58216,hate,anger,1
58226,hateful,anger,1
58236,hating,anger,1
58246,hatred,anger,1
58256,haughty,anger,1
58316,havoc,anger,1
59066,hell,anger,1
59076,hellish,anger,1
59916,hiss,anger,1
59986,hit,anger,1
60046,hoax,anger,1
60196,holocaust,anger,1
60226,homeless,anger,1
60286,homicidal,anger,1
60296,homicide,anger,1
60396,honest,anger,1
60486,hood,anger,1
60556,hoot,anger,1
60606,hopelessness,anger,1
60726,horrible,anger,1
60746,horrid,anger,1
60756,horrific,anger,1
60786,horror,anger,1
60906,hostage,anger,1
60926,hostile,anger,1
60936,hostilities,anger,1
60946,hostility,anger,1
60956,hot,anger,1
61096,howl,anger,1
61156,huff,anger,1
61296,humbug,anger,1
61326,humiliate,anger,1
61516,hunting,anger,1
61576,hurt,anger,1
61586,hurtful,anger,1
61596,hurting,anger,1
61936,hysterical,anger,1
62096,idiocy,anger,1
62136,idiotic,anger,1
62276,ill,anger,1
62286,illegal,anger,1
62296,illegality,anger,1
62326,illegitimate,anger,1
62336,illicit,anger,1
62616,immaturity,anger,1
62736,immoral,anger,1
62746,immorality,anger,1
63066,impermeable,anger,1
63186,implicate,anger,1
63356,impotence,anger,1
63446,imprisoned,anger,1
63456,imprisonment,anger,1
63726,inadmissible,anger,1
63796,inappropriate,anger,1
63806,inattention,anger,1
63916,incarceration,anger,1
63926,incase,anger,1
63936,incendiary,anger,1
63946,incense,anger,1
63996,incest,anger,1
64096,incite,anger,1
64246,incompatible,anger,1
64266,incompetent,anger,1
64316,incongruous,anger,1
64336,inconsiderate,anger,1
64376,inconvenient,anger,1
64436,incredulous,anger,1
64496,incurable,anger,1
64526,indecency,anger,1
64636,indenture,anger,1
64756,indict,anger,1
64776,indifference,anger,1
64816,indignant,anger,1
64826,indignation,anger,1
64906,indoctrination,anger,1
65106,inept,anger,1
65126,inequality,anger,1
65186,inexcusable,anger,1
65266,infamous,anger,1
65306,infanticide,anger,1
65316,infantile,anger,1
65446,inferno,anger,1
65486,infidel,anger,1
65496,infidelity,anger,1
65626,inflict,anger,1
65756,infraction,anger,1
65996,inhibit,anger,1
66026,inhuman,anger,1
66046,inimical,anger,1
66146,injure,anger,1
66166,injurious,anger,1
66176,injury,anger,1
66186,injustice,anger,1
66396,inoperative,anger,1
66486,insane,anger,1
66496,insanity,anger,1
66536,insecure,anger,1
66606,insidious,anger,1
66646,insignificant,anger,1
66886,instinctive,anger,1
67026,insufficiency,anger,1
67086,insult,anger,1
67096,insulting,anger,1
67146,insurrection,anger,1
67316,intense,anger,1
67656,interminable,anger,1
67806,interrupt,anger,1
68016,intimidation,anger,1
68026,intolerable,anger,1
68036,intolerance,anger,1
68046,intolerant,anger,1
68086,intractable,anger,1
68206,intruder,anger,1
68226,intrusive,anger,1
68276,invade,anger,1
68286,invader,anger,1
68356,invasion,anger,1
68616,involution,anger,1
68626,involvement,anger,1
68656,irate,anger,1
68666,ire,anger,1
68766,irreconcilable,anger,1
68936,irritability,anger,1
68946,irritable,anger,1
68956,irritating,anger,1
68966,irritation,anger,1
69176,jab,anger,1
69426,jealous,anger,1
69436,jealousy,anger,1
69486,jeopardize,anger,1
69506,jerk,anger,1
70466,kick,anger,1
70476,kicking,anger,1
70506,kidnap,anger,1
70526,killing,anger,1
71086,lace,anger,1
71216,lagging,anger,1
71666,lash,anger,1
71736,latent,anger,1
71926,lava,anger,1
71996,lawlessness,anger,1
72016,lawsuit,anger,1
72026,lawyer,anger,1
72526,legalized,anger,1
73006,leukemia,anger,1
73136,libel,anger,1
73176,liberate,anger,1
73286,lie,anger,1
73476,lightning,anger,1
73586,limited,anger,1
73926,liquor,anger,1
74096,litigate,anger,1
74116,litigious,anger,1
74176,livid,anger,1
74256,loath,anger,1
74266,loathe,anger,1
74286,loathsome,anger,1
74636,lonely,anger,1
74896,lose,anger,1
74906,losing,anger,1
74916,loss,anger,1
75006,loudness,anger,1
75326,lunacy,anger,1
75346,lunatic,anger,1
75556,lying,anger,1
75586,lynch,anger,1
75686,mad,anger,1
75716,madden,anger,1
75726,madman,anger,1
75736,madness,anger,1
76136,malevolent,anger,1
76166,malice,anger,1
76176,malicious,anger,1
76186,malign,anger,1
76206,malignant,anger,1
76246,malpractice,anger,1
76436,mangle,anger,1
76486,maniac,anger,1
76586,manipulation,anger,1
76676,manslaughter,anger,1
77056,martial,anger,1
77166,masochism,anger,1
77206,massacre,anger,1
77266,mastery,anger,1
77866,meddle,anger,1
78136,melodrama,anger,1
78316,menace,anger,1
78326,menacing,anger,1
79216,mighty,anger,1
79326,militia,anger,1
79806,misbehavior,anger,1
79866,misconception,anger,1
79896,miserable,anger,1
79916,misery,anger,1
79976,mislead,anger,1
79986,misleading,anger,1
80036,misplace,anger,1
80076,misrepresented,anger,1
80136,misstatement,anger,1
80186,mistress,anger,1
80226,misunderstanding,anger,1
80326,mob,anger,1
80386,mocking,anger,1
80746,molestation,anger,1
80866,money,anger,1
81006,monstrosity,anger,1
81086,moody,anger,1
81196,moral,anger,1
81216,morals,anger,1
81256,morbidity,anger,1
81386,mortality,anger,1
81466,mosque,anger,1
81476,mosquito,anger,1
81716,mournful,anger,1
81926,muff,anger,1
81956,mug,anger,1
81966,mule,anger,1
82156,murder,anger,1
82166,murderer,anger,1
82176,murderous,anger,1
82286,musical,anger,1
82436,mutilation,anger,1
82446,mutiny,anger,1
82456,mutter,anger,1
82506,myopia,anger,1
82656,nag,anger,1
82886,nasty,anger,1
83316,negation,anger,1
83346,neglected,anger,1
83526,nepotism,anger,1
83616,nether,anger,1
83636,nettle,anger,1
84136,noisy,anger,1
84226,noncompliance,anger,1
84586,notoriety,anger,1
84776,nuisance,anger,1
84946,nurture,anger,1
85186,objection,anger,1
85256,obliging,anger,1
85286,obliterate,anger,1
85296,obliterated,anger,1
85316,oblivion,anger,1
85346,obnoxious,anger,1
85376,obscenity,anger,1
85506,obstacle,anger,1
85546,obstruct,anger,1
85566,obstructive,anger,1
85866,odious,anger,1
85926,offend,anger,1
85936,offended,anger,1
85946,offender,anger,1
85956,offense,anger,1
85966,offensive,anger,1
86356,onerous,anger,1
86566,opera,anger,1
86666,opinionated,anger,1
86676,opium,anger,1
86686,opponent,anger,1
86736,opposed,anger,1
86776,opposition,anger,1
86786,oppress,anger,1
86796,oppression,anger,1
86806,oppressive,anger,1
86816,oppressor,anger,1
87056,orc,anger,1
87076,orchestra,anger,1
87096,ordeal,anger,1
87556,oust,anger,1
87576,outburst,anger,1
87606,outcry,anger,1
87806,outrage,anger,1
87996,overbearing,anger,1
88256,overpowering,anger,1
88266,overpriced,anger,1
88456,owing,anger,1
88776,painful,anger,1
89446,paralysis,anger,1
89456,paralyzed,anger,1
89576,pare,anger,1
90496,patter,anger,1
90516,paucity,anger,1
90626,payback,anger,1
91016,penalty,anger,1
91126,penetration,anger,1
91146,penitentiary,anger,1
91376,perdition,anger,1
91786,pernicious,anger,1
91816,perpetrator,anger,1
91906,persecute,anger,1
91916,persecution,anger,1
92176,perverse,anger,1
92186,perversion,anger,1
92196,pervert,anger,1
92216,pessimism,anger,1
92236,pest,anger,1
92576,phony,anger,1
92816,picket,anger,1
92826,picketing,anger,1
93046,pillage,anger,1
93296,pique,anger,1
93316,pirate,anger,1
93386,pitfall,anger,1
93846,playful,anger,1
94266,plunder,anger,1
94346,poaching,anger,1
94506,poison,anger,1
94516,poisoned,anger,1
94536,poisonous,anger,1
94596,polemic,anger,1
94706,politics,anger,1
95326,possessed,anger,1
95346,possession,anger,1
95626,pound,anger,1
95646,poverty,anger,1
95656,pow,anger,1
95696,powerful,anger,1
95716,powerless,anger,1
96126,preclude,anger,1
96416,prejudice,anger,1
96436,prejudicial,anger,1
96896,presumptuous,anger,1
96936,pretending,anger,1
97116,prick,anger,1
97436,prison,anger,1
97446,prisoner,anger,1
97866,profane,anger,1
97876,profanity,anger,1
98116,prohibited,anger,1
98796,prosecute,anger,1
99236,provocation,anger,1
99256,provoking,anger,1
99366,pry,anger,1
99476,psychosis,anger,1
99766,punch,anger,1
99856,punished,anger,1
99866,punishing,anger,1
99876,punishment,anger,1
99886,punitive,anger,1
100516,quandary,anger,1
100586,quarrel,anger,1
101046,rabble,anger,1
101056,rabid,anger,1
101316,rage,anger,1
101336,raging,anger,1
101356,raid,anger,1
101366,rail,anger,1
101506,ram,anger,1
101546,rampage,anger,1
101626,ransom,anger,1
101656,rape,anger,1
101696,rapping,anger,1
101756,rascal,anger,1
101826,rating,anger,1
101936,rave,anger,1
101956,ravenous,anger,1
101976,raving,anger,1
102026,react,anger,1
102366,rebel,anger,1
102376,rebellion,anger,1
102436,recalcitrant,anger,1
102586,recession,anger,1
102606,recidivism,anger,1
102696,reckless,anger,1
102706,recklessness,anger,1
104246,reject,anger,1
104266,rejection,anger,1
104276,rejects,anger,1
104676,remand,anger,1
104796,remiss,anger,1
104896,remove,anger,1
104986,renegade,anger,1
105006,renounce,anger,1
105146,repay,anger,1
105226,repellent,anger,1
105496,reprimand,anger,1
105516,reprisal,anger,1
105536,reproach,anger,1
105606,repudiation,anger,1
105806,resent,anger,1
105816,resentful,anger,1
105826,resentment,anger,1
105946,resign,anger,1
106016,resistance,anger,1
106036,resisting,anger,1
106386,restitution,anger,1
106446,restrain,anger,1
106496,restriction,anger,1
106616,retaliate,anger,1
106626,retaliation,anger,1
106636,retaliatory,anger,1
106766,retract,anger,1
106796,retribution,anger,1
106946,revenge,anger,1
107026,reversal,anger,1
107156,revoke,anger,1
107166,revolt,anger,1
107176,revolting,anger,1
107186,revolution,anger,1
107226,revolver,anger,1
107236,revulsion,anger,1
107276,rheumatism,anger,1
107346,ribbon,anger,1
107476,ridicule,anger,1
107486,ridiculous,anger,1
107516,rifle,anger,1
107666,ringer,anger,1
107706,riot,anger,1
107716,riotous,anger,1
107856,rivalry,anger,1
107986,rob,anger,1
108006,robbery,anger,1
108076,rocket,anger,1
108236,rook,anger,1
108626,row,anger,1
108846,ruined,anger,1
108856,ruinous,anger,1
109126,ruthless,anger,1
109146,saber,anger,1
109166,sabotage,anger,1
109486,saloon,anger,1
109806,sarcasm,anger,1
109846,satanic,anger,1
110036,savage,anger,1
110046,savagery,anger,1
110276,scandalous,anger,1
110306,scapegoat,anger,1
110316,scar,anger,1
110356,scarcity,anger,1
110366,scare,anger,1
110526,schism,anger,1
110536,schizophrenia,anger,1
110716,scoff,anger,1
110726,scold,anger,1
110736,scolding,anger,1
110766,scorching,anger,1
110796,scorn,anger,1
110806,scorpion,anger,1
110826,scoundrel,anger,1
110846,scourge,anger,1
110906,scrapie,anger,1
110936,scream,anger,1
110946,screaming,anger,1
110986,screwed,anger,1
111486,sectarian,anger,1
111626,sedition,anger,1
111756,segregate,anger,1
111836,selfish,anger,1
112056,senseless,anger,1
112146,sentence,anger,1
112256,separatist,anger,1
112826,shackle,anger,1
112956,shaky,anger,1
112966,sham,anger,1
113106,sharpen,anger,1
113146,shatter,anger,1
113306,shell,anger,1
113536,shit,anger,1
113546,shiver,anger,1
113576,shock,anger,1
113596,shoddy,anger,1
113626,shoot,anger,1
113646,shooting,anger,1
113676,shoplifting,anger,1
113726,shortage,anger,1
113806,shot,anger,1
113836,shout,anger,1
113846,shove,anger,1
113946,shriek,anger,1
113956,shrill,anger,1
114086,shun,anger,1
114166,sickening,anger,1
114536,simmer,anger,1
114656,sin,anger,1
114686,sinful,anger,1
114766,sinister,anger,1
114786,sinner,anger,1
114886,sisterhood,anger,1
114986,sizzle,anger,1
115086,skewed,anger,1
115116,skid,anger,1
115226,skirmish,anger,1
115346,slam,anger,1
115356,slander,anger,1
115396,slap,anger,1
115406,slash,anger,1
115446,slaughter,anger,1
115456,slaughterhouse,anger,1
115466,slaughtering,anger,1
115476,slave,anger,1
115486,slavery,anger,1
115496,slay,anger,1
115506,slayer,anger,1
116006,slur,anger,1
116026,slut,anger,1
116036,sly,anger,1
116046,smack,anger,1
116086,smash,anger,1
116126,smell,anger,1
116186,smite,anger,1
116286,smother,anger,1
116326,smuggler,anger,1
116446,snarl,anger,1
116456,snarling,anger,1
116476,sneak,anger,1
116506,sneer,anger,1
116826,socialist,anger,1
116986,soldier,anger,1
117346,sordid,anger,1
117356,sore,anger,1
117656,spank,anger,1
117666,spanking,anger,1
117756,spat,anger,1
117806,spear,anger,1
118366,spine,anger,1
118476,spite,anger,1
118486,spiteful,anger,1
119136,squelch,anger,1
119196,stab,anger,1
119396,stalemate,anger,1
119516,standoff,anger,1
119536,standstill,anger,1
119996,steal,anger,1
120256,sterling,anger,1
120386,stifled,anger,1
120406,stigma,anger,1
120496,sting,anger,1
120516,stingy,anger,1
120656,stolen,anger,1
120676,stone,anger,1
120836,storm,anger,1
120846,storming,anger,1
120956,strained,anger,1
121016,strangle,anger,1
121286,strife,anger,1
121296,strike,anger,1
121366,stripped,anger,1
121456,struggle,anger,1
121906,subjugation,anger,1
122126,subsidy,anger,1
122336,subversion,anger,1
122346,subversive,anger,1
122486,sucker,anger,1
122546,sue,anger,1
122646,suffocation,anger,1
122696,suicidal,anger,1
122706,suicide,anger,1
122756,sullen,anger,1
123436,suppress,anger,1
123446,suppression,anger,1
123456,supremacy,anger,1
123486,surcharge,anger,1
123556,surly,anger,1
123886,suspicious,anger,1
124036,swastika,anger,1
124896,tackle,anger,1
125166,talons,anger,1
125386,tariff,anger,1
125546,taunt,anger,1
125676,tease,anger,1
125696,teasing,anger,1
125986,tempest,anger,1
126246,tension,anger,1
126446,terrible,anger,1
126516,terrorism,anger,1
126526,terrorist,anger,1
126536,terrorize,anger,1
126766,theft,anger,1
126816,theocratic,anger,1
127056,thief,anger,1
127276,thoughtless,anger,1
127306,thrash,anger,1
127326,threat,anger,1
127336,threaten,anger,1
127346,threatening,anger,1
127366,thresh,anger,1
127496,throttle,anger,1
127546,thug,anger,1
127566,thump,anger,1
127606,thundering,anger,1
127766,tiff,anger,1
127786,tighten,anger,1
128126,tirade,anger,1
128396,tolerate,anger,1
128706,torment,anger,1
128736,torpedo,anger,1
128796,tortious,anger,1
128826,torture,anger,1
128926,touchy,anger,1
128946,toughness,anger,1
129356,traitor,anger,1
129906,traumatic,anger,1
130006,treacherous,anger,1
130016,treachery,anger,1
130046,treason,anger,1
130086,treat,anger,1
130136,tree,anger,1
130206,tremor,anger,1
130266,trespass,anger,1
130376,trickery,anger,1
130596,tripping,anger,1
130646,troll,anger,1
130736,troublesome,anger,1
131126,tumult,anger,1
131136,tumultuous,anger,1
131246,turbulence,anger,1
131286,turmoil,anger,1
131376,tussle,anger,1
131636,tyrannical,anger,1
131656,tyrant,anger,1
131716,ulcer,anger,1
131756,ultimatum,anger,1
132026,unattainable,anger,1
132186,unbridled,anger,1
132216,uncaring,anger,1
132226,uncertain,anger,1
132436,uncontrollable,anger,1
132656,underpaid,anger,1
132786,undesirable,anger,1
133026,unequal,anger,1
133136,unfair,anger,1
133146,unfairness,anger,1
133236,unforgiving,anger,1
133256,unfriendly,anger,1
133266,unfulfilled,anger,1
133296,ungrateful,anger,1
133326,unhappy,anger,1
133716,unjust,anger,1
133726,unjustifiable,anger,1
133746,unkind,anger,1
133776,unlawful,anger,1
133856,unlucky,anger,1
134116,unpaid,anger,1
134416,unruly,anger,1
134526,unsettled,anger,1
134676,unsympathetic,anger,1
134716,unthinkable,anger,1
134786,untoward,anger,1
134826,untrustworthy,anger,1
135056,upheaval,anger,1
135136,uprising,anger,1
135156,upset,anger,1
135346,usurp,anger,1
135356,usurped,anger,1
135686,vampire,anger,1
136066,vehement,anger,1
136186,vendetta,anger,1
136236,vengeance,anger,1
136246,vengeful,anger,1
136266,venom,anger,1
136276,venomous,anger,1
136296,vent,anger,1
136516,vermin,anger,1
136596,versus,anger,1
136786,veto,anger,1
136906,vicious,anger,1
136916,victim,anger,1
136926,victimized,anger,1
137116,villainous,anger,1
137136,vindicate,anger,1
137166,vindictive,anger,1
137206,violation,anger,1
137216,violence,anger,1
137226,violent,anger,1
137236,violently,anger,1
137366,virulence,anger,1
137706,volatility,anger,1
137896,vote,anger,1
137996,vulgarity,anger,1
138066,waffle,anger,1
138376,warden,anger,1
138416,warfare,anger,1
138426,warlike,anger,1
138486,warp,anger,1
138556,warrior,anger,1
138636,wasted,anger,1
138646,wasteful,anger,1
139286,wench,anger,1
139506,whip,anger,1
139906,willful,anger,1
139976,wimpy,anger,1
139986,wince,anger,1
140176,wireless,anger,1
140246,witch,anger,1
140256,witchcraft,anger,1
140566,wop,anger,1
140596,words,anger,1
140826,worthless,anger,1
140856,wound,anger,1
140876,wrangling,anger,1
140916,wrath,anger,1
140926,wreak,anger,1
140946,wreck,anger,1
140956,wrecked,anger,1
141016,wretch,anger,1
141046,wring,anger,1
141166,wrongdoing,anger,1
141176,wrongful,anger,1
141186,wrongly,anger,1
141426,yell,anger,1
141456,yelp,anger,1
141596,youth,anger,1
