32,abba,positive,1
162,ability,positive,1
322,abovementioned,positive,1
442,absolute,positive,1
452,absolution,positive,1
462,absorbed,positive,1
572,abundance,positive,1
582,abundant,positive,1
642,academic,positive,1
652,academy,positive,1
722,acceptable,positive,1
732,acceptance,positive,1
752,accessible,positive,1
812,accolade,positive,1
832,accommodation,positive,1
842,accompaniment,positive,1
882,accomplish,positive,1
892,accomplished,positive,1
902,accomplishment,positive,1
912,accord,positive,1
952,accountability,positive,1
962,accountable,positive,1
1002,accredited,positive,1
1032,accueil,positive,1
1072,accurate,positive,1
1152,ace,positive,1
1182,achieve,positive,1
1192,achievement,positive,1
1252,acknowledgment,positive,1
1332,acquire,positive,1
1342,acquiring,positive,1
1392,acrobat,positive,1
1422,action,positive,1
1472,actual,positive,1
1502,acuity,positive,1
1512,acumen,positive,1
1562,adapt,positive,1
1572,adaptable,positive,1
1682,addresses,positive,1
1692,adept,positive,1
1702,adequacy,positive,1
1882,adjunct,positive,1
1952,admirable,positive,1
1962,admiral,positive,1
1982,admiration,positive,1
1992,admire,positive,1
2002,admirer,positive,1
2022,admissible,positive,1
2162,adorable,positive,1
2172,adoration,positive,1
2182,adore,positive,1
2252,advance,positive,1
2262,advanced,positive,1
2272,advancement,positive,1
2292,advantage,positive,1
2302,advantageous,positive,1
2312,advent,positive,1
2322,adventure,positive,1
2342,adventurous,positive,1
2412,advisable,positive,1
2422,advise,positive,1
2452,adviser,positive,1
2462,advocacy,positive,1
2552,aesthetic,positive,1
2562,aesthetics,positive,1
2592,affable,positive,1
2622,affection,positive,1
2662,affiliated,positive,1
2692,affirm,positive,1
2702,affirmation,positive,1
2712,affirmative,positive,1
2722,affirmatively,positive,1
2772,affluence,positive,1
2782,affluent,positive,1
2792,afford,positive,1
2922,aga,positive,1
3082,agile,positive,1
3092,agility,positive,1
3162,agree,positive,1
3172,agreeable,positive,1
3182,agreed,positive,1
3192,agreeing,positive,1
3202,agreement,positive,1
3222,agriculture,positive,1
3252,ahead,positive,1
3262,aid,positive,1
3272,aiding,positive,1
3462,alabaster,positive,1
3562,alertness,positive,1
3712,alimentation,positive,1
3742,alive,positive,1
3772,allay,positive,1
3812,allegiance,positive,1
3842,allegro,positive,1
3852,alleviate,positive,1
3862,alleviation,positive,1
3892,allied,positive,1
3952,allowable,positive,1
3992,allure,positive,1
4002,alluring,positive,1
4032,ally,positive,1
4052,almighty,positive,1
4072,aloha,positive,1
4312,amazingly,positive,1
4322,ambassador,positive,1
4382,ambition,positive,1
4422,ameliorate,positive,1
4432,amen,positive,1
4442,amenable,positive,1
4452,amend,positive,1
4472,amends,positive,1
4482,amenity,positive,1
4502,amiable,positive,1
4512,amicable,positive,1
4572,amnesty,positive,1
4612,amour,positive,1
4732,amuse,positive,1
4742,amused,positive,1
4752,amusement,positive,1
4762,amusing,positive,1
4872,analyst,positive,1
5012,anchor,positive,1
5022,anchorage,positive,1
5082,angel,positive,1
5092,angelic,positive,1
5202,animate,positive,1
5212,animated,positive,1
5672,antibiotics,positive,1
5712,antidote,positive,1
5722,antifungal,positive,1
5772,antique,positive,1
5792,antiseptic,positive,1
5992,aplomb,positive,1
6012,apologetic,positive,1
6032,apologize,positive,1
6042,apology,positive,1
6072,apostle,positive,1
6252,applause,positive,1
6412,appreciation,positive,1
6492,approbation,positive,1
6512,approval,positive,1
6522,approve,positive,1
6532,approving,positive,1
6602,apt,positive,1
6612,aptitude,positive,1
6792,archaeology,positive,1
6912,ardent,positive,1
6922,ardor,positive,1
7042,aristocracy,positive,1
7062,aristocratic,positive,1
7142,armed,positive,1
7152,armor,positive,1
7202,aroma,positive,1
7222,arouse,positive,1
7272,array,positive,1
7382,art,positive,1
7452,articulate,positive,1
7462,articulation,positive,1
7492,artisan,positive,1
7512,artiste,positive,1
7522,artistic,positive,1
7552,ascendancy,positive,1
7572,ascent,positive,1
7702,aspiration,positive,1
7712,aspire,positive,1
7722,aspiring,positive,1
7842,assembly,positive,1
7852,assent,positive,1
7872,asserting,positive,1
7922,assets,positive,1
7992,assist,positive,1
8002,assistance,positive,1
8022,associate,positive,1
8062,assuage,positive,1
8102,assurance,positive,1
8122,assured,positive,1
8172,astonishingly,positive,1
8182,astonishment,positive,1
8222,astrologer,positive,1
8242,astronaut,positive,1
8252,astronomer,positive,1
8272,astute,positive,1
8382,athlete,positive,1
8392,athletic,positive,1
8462,atom,positive,1
8482,atone,positive,1
8492,atonement,positive,1
8552,attachment,positive,1
8592,attainable,positive,1
8602,attainment,positive,1
8632,attendant,positive,1
8642,attention,positive,1
8652,attentive,positive,1
8692,attest,positive,1
8742,attorney,positive,1
8752,attraction,positive,1
8762,attractiveness,positive,1
8942,augment,positive,1
8962,august,positive,1
8972,aunt,positive,1
8982,aura,positive,1
9012,auspicious,positive,1
9042,authentic,positive,1
9072,authenticity,positive,1
9082,author,positive,1
9092,authoritative,positive,1
9102,authority,positive,1
9112,authorization,positive,1
9132,authorized,positive,1
9282,avatar,positive,1
9472,award,positive,1
9582,ay,positive,1
9592,aye,positive,1
9652,baby,positive,1
9672,baccalaureate,positive,1
9712,backbone,positive,1
10012,balance,positive,1
10022,balanced,positive,1
10082,ballad,positive,1
10102,ballet,positive,1
10122,ballot,positive,1
10142,balm,positive,1
10162,balsam,positive,1
10362,banquet,positive,1
10392,baptism,positive,1
10402,baptismal,positive,1
10482,bard,positive,1
10532,bargain,positive,1
10832,basketball,positive,1
10882,bastion,positive,1
10932,bath,positive,1
11182,beam,positive,1
11192,beaming,positive,1
11322,beautification,positive,1
11332,beautiful,positive,1
11342,beautify,positive,1
11352,beauty,positive,1
11402,bedrock,positive,1
11462,beer,positive,1
11502,befitting,positive,1
11512,befriend,positive,1
11702,believing,positive,1
11852,benefactor,positive,1
11862,beneficial,positive,1
11882,benefit,positive,1
11892,benevolence,positive,1
11902,benign,positive,1
12012,berth,positive,1
12092,betrothed,positive,1
12102,betterment,positive,1
12142,beverage,positive,1
12222,biblical,positive,1
12412,bilingual,positive,1
12662,birth,positive,1
12672,birthday,positive,1
12922,blameless,positive,1
13092,bless,positive,1
13102,blessed,positive,1
13112,blessing,positive,1
13122,blessings,positive,1
13222,bliss,positive,1
13232,blissful,positive,1
13342,bloodless,positive,1
13382,bloom,positive,1
13392,blossom,positive,1
13622,boast,positive,1
13712,bodyguard,positive,1
13782,boisterous,positive,1
13792,bold,positive,1
13802,boldness,positive,1
13812,bolster,positive,1
13892,bonanza,positive,1
13972,bonne,positive,1
13992,bonus,positive,1
14072,bookish,positive,1
14132,bookshop,positive,1
14152,bookworm,positive,1
14182,boon,positive,1
14532,bountiful,positive,1
14542,bounty,positive,1
14552,bouquet,positive,1
14832,brains,positive,1
14932,bravery,positive,1
15042,breakfast,positive,1
15232,bridal,positive,1
15242,bride,positive,1
15252,bridegroom,positive,1
15262,bridesmaid,positive,1
15322,brighten,positive,1
15332,brightness,positive,1
15342,brilliant,positive,1
15462,brocade,positive,1
15612,brother,positive,1
15622,brotherhood,positive,1
15632,brotherly,positive,1
15752,buck,positive,1
15802,buddy,positive,1
15902,build,positive,1
15922,building,positive,1
16012,bulldog,positive,1
16052,bulletproof,positive,1
16192,buoy,positive,1
16502,buss,positive,1
16582,butler,positive,1
16622,buttery,positive,1
16662,buxom,positive,1
16702,buzz,positive,1
16782,cab,positive,1
16822,cabinet,positive,1
16922,cafe,positive,1
17022,calculator,positive,1
17062,calf,positive,1
17162,calm,positive,1
17352,canary,positive,1
17402,candid,positive,1
17422,candidate,positive,1
17432,candied,positive,1
17772,capitalist,positive,1
17862,captain,positive,1
17882,captivate,positive,1
17892,captivating,positive,1
18072,career,positive,1
18082,careful,positive,1
18092,carefully,positive,1
18112,caress,positive,1
18132,caretaker,positive,1
18222,carol,positive,1
18422,cascade,positive,1
18452,cash,positive,1
18732,categorical,positive,1
18752,cater,positive,1
18792,cathartic,positive,1
18802,cathedral,positive,1
18952,cautious,positive,1
18962,cautiously,positive,1
19092,celebrated,positive,1
19102,celebrating,positive,1
19112,celebration,positive,1
19122,celebrity,positive,1
19132,celestial,positive,1
19282,center,positive,1
19372,centurion,positive,1
19422,cerebral,positive,1
19442,ceremony,positive,1
19452,certainty,positive,1
19552,chairman,positive,1
19572,chairwoman,positive,1
19672,champion,positive,1
19782,chant,positive,1
19952,charger,positive,1
19972,charitable,positive,1
19982,charity,positive,1
19992,charm,positive,1
20002,charmed,positive,1
20022,charming,positive,1
20092,chastity,positive,1
20132,chattering,positive,1
20222,checklist,positive,1
20262,cheer,positive,1
20272,cheerful,positive,1
20282,cheerfulness,positive,1
20292,cheering,positive,1
20302,cheery,positive,1
20342,chemist,positive,1
20372,cherish,positive,1
20382,cherry,positive,1
20492,chieftain,positive,1
20502,child,positive,1
20522,childhood,positive,1
20652,chirp,positive,1
20662,chisel,positive,1
20682,chivalry,positive,1
20702,chocolate,positive,1
20712,choice,positive,1
20722,choir,positive,1
20802,choral,positive,1
20832,chorus,positive,1
20842,chosen,positive,1
20852,chowder,positive,1
20912,chronicle,positive,1
20952,chuckle,positive,1
20982,church,positive,1
21042,cider,positive,1
21202,circumcision,positive,1
21262,circumvention,positive,1
21322,citizen,positive,1
21362,civil,positive,1
21382,civility,positive,1
21392,civilization,positive,1
21402,civilized,positive,1
21442,clairvoyant,positive,1
21502,clap,positive,1
21512,clarify,positive,1
21592,classic,positive,1
21602,classical,positive,1
21612,classics,positive,1
21632,classify,positive,1
21712,clean,positive,1
21722,cleaning,positive,1
21732,cleanliness,positive,1
21742,cleanly,positive,1
21752,cleanse,positive,1
21762,cleansing,positive,1
21772,clearance,positive,1
21792,clearness,positive,1
21872,clerical,positive,1
21902,clever,positive,1
21912,cleverness,positive,1
21982,climax,positive,1
22122,closeness,positive,1
22142,closure,positive,1
22172,clothe,positive,1
22272,clown,positive,1
22422,coalition,positive,1
22432,coast,positive,1
22682,coexist,positive,1
22742,cogent,positive,1
22772,cognitive,positive,1
22792,coherence,positive,1
22802,coherent,positive,1
22822,cohesive,positive,1
23082,collectively,positive,1
23192,colonel,positive,1
23292,colossal,positive,1
23472,comfort,positive,1
23542,commandant,positive,1
23562,commanding,positive,1
23572,commemorate,positive,1
23582,commemoration,positive,1
23592,commemorative,positive,1
23612,commend,positive,1
23622,commendable,positive,1
23662,commentator,positive,1
23742,committed,positive,1
23772,commodore,positive,1
23822,commonwealth,positive,1
23862,communicate,positive,1
23882,communicative,positive,1
23892,communion,positive,1
23922,community,positive,1
23932,commutation,positive,1
23952,commute,positive,1
24002,companion,positive,1
24092,compassion,positive,1
24102,compassionate,positive,1
24112,compatibility,positive,1
24122,compatible,positive,1
24152,compelling,positive,1
24172,compensate,positive,1
24192,compensatory,positive,1
24202,competence,positive,1
24212,competency,positive,1
24222,competent,positive,1
24282,complacency,positive,1
24322,complement,positive,1
24332,complementary,positive,1
24352,completely,positive,1
24362,completeness,positive,1
24372,completing,positive,1
24382,completion,positive,1
24432,compliance,positive,1
24442,compliant,positive,1
24482,complicity,positive,1
24492,compliment,positive,1
24552,composed,positive,1
24562,composer,positive,1
24602,composure,positive,1
24622,comprehend,positive,1
24642,comprehensive,positive,1
24782,comrade,positive,1
24902,concentric,positive,1
24982,conciliation,positive,1
25022,concluding,positive,1
25062,concord,positive,1
25072,concordance,positive,1
25272,condolence,positive,1
25282,condone,positive,1
25292,conducive,positive,1
25322,conductivity,positive,1
25362,confederate,positive,1
25402,confess,positive,1
25452,confidence,positive,1
25462,confident,positive,1
25572,confirmed,positive,1
25642,conformance,positive,1
25722,congenial,positive,1
25772,congratulatory,positive,1
25792,congregation,positive,1
25832,congruence,positive,1
25982,connoisseur,positive,1
26022,conscience,positive,1
26032,conscientious,positive,1
26042,consciousness,positive,1
26062,consecration,positive,1
26122,conservation,positive,1
26162,conserve,positive,1
26172,considerable,positive,1
26182,considerate,positive,1
26212,consistency,positive,1
26242,console,positive,1
26272,consonant,positive,1
26342,constancy,positive,1
26352,constant,positive,1
26442,constitutional,positive,1
26492,construct,positive,1
26572,consummate,positive,1
26602,contact,positive,1
26682,contemplation,positive,1
26762,content,positive,1
26912,continue,positive,1
26972,contour,positive,1
27122,contribute,positive,1
27132,contributor,positive,1
27222,convenience,positive,1
27242,convenient,positive,1
27252,convent,positive,1
27262,convention,positive,1
27312,conversant,positive,1
27332,conversational,positive,1
27372,convert,positive,1
27472,convince,positive,1
27582,cool,positive,1
27612,coolness,positive,1
27632,cooperate,positive,1
27642,cooperating,positive,1
27652,cooperation,positive,1
27662,cooperative,positive,1
27792,core,positive,1
27902,coronation,positive,1
27942,corporation,positive,1
27952,corporeal,positive,1
28012,corrective,positive,1
28062,correspondence,positive,1
28092,corroborate,positive,1
28252,cosmopolitan,positive,1
28302,cosy,positive,1
28382,council,positive,1
28392,counsel,positive,1
28412,counselor,positive,1
28422,count,positive,1
28502,countess,positive,1
28602,courage,positive,1
28612,courageous,positive,1
28662,courteous,positive,1
28672,courtesy,positive,1
28702,courtship,positive,1
28722,cove,positive,1
28732,covenant,positive,1
28962,cradle,positive,1
28972,craft,positive,1
28982,craftsman,positive,1
29222,cream,positive,1
29262,create,positive,1
29282,creative,positive,1
29312,credence,positive,1
29322,credential,positive,1
29342,credibility,positive,1
29352,credible,positive,1
29362,credit,positive,1
29372,creditable,positive,1
29382,credited,positive,1
29472,crescendo,positive,1
29672,critique,positive,1
29902,crowning,positive,1
29912,crucial,positive,1
30172,crystal,positive,1
30252,cuddle,positive,1
30292,culinary,positive,1
30322,culmination,positive,1
30372,cultivate,positive,1
30382,cultivated,positive,1
30392,cultivation,positive,1
30402,culture,positive,1
30442,cunning,positive,1
30492,curable,positive,1
30562,curiosity,positive,1
30572,curl,positive,1
30752,cushion,positive,1
30822,customer,positive,1
30852,cute,positive,1
30892,cutters,positive,1
31242,dame,positive,1
31322,dance,positive,1
31422,daring,positive,1
31482,darling,positive,1
31542,dashing,positive,1
31592,daughter,positive,1
31602,dawn,positive,1
31742,deal,positive,1
31792,dear,positive,1
31842,debate,positive,1
32022,decency,positive,1
32032,decent,positive,1
32142,declaratory,positive,1
32332,dedication,positive,1
32482,defend,positive,1
32502,defended,positive,1
32512,defender,positive,1
32522,defending,positive,1
32532,defense,positive,1
32582,deference,positive,1
32682,definitive,positive,1
32882,degree,positive,1
32922,delectable,positive,1
32932,delegate,positive,1
32972,deliberate,positive,1
33012,delicious,positive,1
33022,delight,positive,1
33032,delighted,positive,1
33042,delightful,positive,1
33112,deliverance,positive,1
33122,delivery,positive,1
33252,democracy,positive,1
33312,demonstrable,positive,1
33362,demonstrative,positive,1
33642,dependent,positive,1
33892,depth,positive,1
34102,descriptive,positive,1
34152,deserve,positive,1
34162,deserved,positive,1
34222,designer,positive,1
34252,desirable,positive,1
34262,desiring,positive,1
34272,desirous,positive,1
34412,destination,positive,1
34572,detect,positive,1
34592,detection,positive,1
34702,determination,positive,1
34712,determined,positive,1
34842,develop,positive,1
35002,devotional,positive,1
35022,devout,positive,1
35052,dexterity,positive,1
35172,diamond,positive,1
35222,diary,positive,1
35332,dictionary,positive,1
35352,didactic,positive,1
35382,dietary,positive,1
35552,dignified,positive,1
35562,dignity,positive,1
35642,diligence,positive,1
35792,dinner,positive,1
35872,diplomacy,positive,1
35892,diplomatic,positive,1
35942,director,positive,1
36632,discovery,positive,1
36652,discreet,positive,1
36682,discretion,positive,1
36692,discretionary,positive,1
36752,discussion,positive,1
37002,disinfection,positive,1
37482,disposed,positive,1
37672,disseminate,positive,1
37892,distillation,positive,1
37902,distinction,positive,1
38162,ditty,positive,1
38262,diverse,positive,1
38272,diversified,positive,1
38292,diversion,positive,1
38412,divinity,positive,1
38532,doctor,positive,1
38612,doer,positive,1
38632,dogged,positive,1
38732,dolphin,positive,1
38832,dominate,positive,1
38882,don,positive,1
38892,donation,positive,1
39112,doubtless,positive,1
39162,dove,positive,1
39222,downy,positive,1
40052,duet,positive,1
40072,duke,positive,1
40232,durability,positive,1
40242,durable,positive,1
40322,dutiful,positive,1
40482,eager,positive,1
40492,eagerness,positive,1
40522,earl,positive,1
40552,earn,positive,1
40562,earnest,positive,1
40572,earnestly,positive,1
40582,earnestness,positive,1
40672,ease,positive,1
40692,easement,positive,1
40722,easygoing,positive,1
40732,eat,positive,1
40882,ecstasy,positive,1
40892,ecstatic,positive,1
40962,edification,positive,1
41022,educate,positive,1
41032,educated,positive,1
41052,educational,positive,1
41082,effective,positive,1
41152,efficacy,positive,1
41162,efficiency,positive,1
41172,efficient,positive,1
41192,effort,positive,1
41292,ejaculation,positive,1
41332,elaboration,positive,1
41392,elated,positive,1
41422,elder,positive,1
41442,elders,positive,1
41462,elect,positive,1
41502,electric,positive,1
41512,electricity,positive,1
41522,elegance,positive,1
41532,elegant,positive,1
41592,elevation,positive,1
41652,eligible,positive,1
41672,elite,positive,1
41772,eloquence,positive,1
41782,eloquent,positive,1
41792,elucidate,positive,1
41852,emancipation,positive,1
42032,embrace,positive,1
42132,emeritus,positive,1
42162,eminence,positive,1
42172,eminent,positive,1
42182,eminently,positive,1
42192,emir,positive,1
42252,empathy,positive,1
42372,empower,positive,1
42422,emulate,positive,1
42442,enable,positive,1
42452,enablement,positive,1
42502,enchant,positive,1
42512,enchanted,positive,1
42522,enchanting,positive,1
42602,encore,positive,1
42622,encourage,positive,1
42632,encouragement,positive,1
42682,encyclopedia,positive,1
42722,endeavor,positive,1
42762,endless,positive,1
42792,endow,positive,1
42802,endowed,positive,1
42812,endowment,positive,1
42842,endurance,positive,1
42852,endure,positive,1
42882,energetic,positive,1
42902,enforce,positive,1
42932,engaged,positive,1
42952,engaging,positive,1
43072,enhance,positive,1
43112,enjoy,positive,1
43122,enjoying,positive,1
43152,enlighten,positive,1
43162,enlightenment,positive,1
43182,enliven,positive,1
43232,enrich,positive,1
43252,ensemble,positive,1
43262,ensign,positive,1
43372,enterprising,positive,1
43382,entertain,positive,1
43392,entertained,positive,1
43402,entertaining,positive,1
43412,entertainment,positive,1
43422,enthusiasm,positive,1
43432,enthusiast,positive,1
43612,environ,positive,1
43672,ephemeris,positive,1
43682,epic,positive,1
43792,epitome,positive,1
43822,equality,positive,1
43852,equally,positive,1
43932,equilibrium,positive,1
43972,equity,positive,1
44122,erotic,positive,1
44142,errand,positive,1
44212,erudite,positive,1
44272,escape,positive,1
44362,esprit,positive,1
44402,essential,positive,1
44432,established,positive,1
44462,esteem,positive,1
44472,esthetic,positive,1
44612,ethical,positive,1
44622,ethics,positive,1
44882,evergreen,positive,1
44892,everlasting,positive,1
44952,evident,positive,1
44982,evolution,positive,1
45072,exalt,positive,1
45082,exaltation,positive,1
45092,exalted,positive,1
45182,exceed,positive,1
45202,excel,positive,1
45212,excellence,positive,1
45222,excellent,positive,1
45292,exchange,positive,1
45332,excitable,positive,1
45342,excitation,positive,1
45352,excite,positive,1
45362,excited,positive,1
45372,excitement,positive,1
45382,exciting,positive,1
45552,exemplary,positive,1
45582,exemption,positive,1
45692,exhilaration,positive,1
45702,exhort,positive,1
45712,exhortation,positive,1
45752,existence,positive,1
45832,exotic,positive,1
45902,expect,positive,1
45932,expectation,positive,1
45972,expedient,positive,1
45992,expedition,positive,1
46072,experienced,positive,1
46122,expert,positive,1
46132,expertise,positive,1
46182,explain,positive,1
46442,exquisite,positive,1
46452,exquisitely,positive,1
46472,extend,positive,1
46512,extensive,positive,1
46602,extra,positive,1
46692,extraordinary,positive,1
46742,extricate,positive,1
46772,exuberance,positive,1
46942,facilitate,positive,1
47022,facts,positive,1
47042,faculty,positive,1
47112,fain,positive,1
47132,fair,positive,1
47142,fairly,positive,1
47172,faith,positive,1
47182,faithful,positive,1
47342,fame,positive,1
47362,familiar,positive,1
47372,familiarity,positive,1
47402,famous,positive,1
47412,famously,positive,1
47462,fancy,positive,1
47482,fanfare,positive,1
47652,fascinating,positive,1
47662,fascination,positive,1
47682,fashionable,positive,1
47842,faultless,positive,1
47882,favorable,positive,1
47892,favorite,positive,1
47902,favoritism,positive,1
47962,fearless,positive,1
47992,feat,positive,1
48012,feature,positive,1
48142,feeling,positive,1
48172,felicity,positive,1
48202,fellow,positive,1
48212,fellowship,positive,1
48252,female,positive,1
48412,fertile,positive,1
48442,fervor,positive,1
48452,festival,positive,1
48462,festive,positive,1
48482,fete,positive,1
48662,fidelity,positive,1
48712,fiesta,positive,1
48992,finally,positive,1
49062,finery,positive,1
49072,finesse,positive,1
49152,fireball,positive,1
49192,fireproof,positive,1
49272,firmness,positive,1
49282,firstborn,positive,1
49432,fitting,positive,1
49482,fixture,positive,1
49782,flattering,positive,1
49882,fleet,positive,1
49932,flexibility,positive,1
50042,flirt,positive,1
50132,floral,positive,1
50182,flow,positive,1
50202,flowery,positive,1
50352,flush,positive,1
50432,flying,positive,1
50512,focus,positive,1
50702,fondness,positive,1
50722,food,positive,1
50782,football,positive,1
50862,forbearance,positive,1
50942,fore,positive,1
51002,forefathers,positive,1
51032,foregoing,positive,1
51092,foreman,positive,1
51112,forerunner,positive,1
51122,foresee,positive,1
51132,foreseen,positive,1
51142,foresight,positive,1
51222,forge,positive,1
51272,forgive,positive,1
51282,forgiven,positive,1
51292,forgiving,positive,1
51392,formative,positive,1
51442,formula,positive,1
51522,forte,positive,1
51532,forthcoming,positive,1
51562,fortify,positive,1
51572,fortitude,positive,1
51592,fortress,positive,1
51612,fortunate,positive,1
51622,fortune,positive,1
51652,forward,positive,1
51692,found,positive,1
51702,foundation,positive,1
51872,fragrant,positive,1
51912,frank,positive,1
51922,frankness,positive,1
51942,fraternal,positive,1
52032,freedom,positive,1
52062,freely,positive,1
52222,friend,positive,1
52232,friendliness,positive,1
52242,friendly,positive,1
52252,friendship,positive,1
52342,frisky,positive,1
52382,frolic,positive,1
52542,frugal,positive,1
52562,fruitful,positive,1
52672,fulfill,positive,1
52682,fulfillment,positive,1
52692,full,positive,1
52712,fully,positive,1
52762,fun,positive,1
52802,fundamental,positive,1
52982,fuse,positive,1
52992,fusion,positive,1
53112,gain,positive,1
53132,gaining,positive,1
53192,gallant,positive,1
53202,gallantry,positive,1
53262,galore,positive,1
53452,garden,positive,1
53522,garnet,positive,1
53542,garrison,positive,1
53812,gazette,positive,1
53832,gear,positive,1
53882,gem,positive,1
53922,general,positive,1
54012,generosity,positive,1
54022,generous,positive,1
54062,genial,positive,1
54082,genius,positive,1
54112,genteel,positive,1
54122,gentleman,positive,1
54132,gentleness,positive,1
54142,gentry,positive,1
54152,genuine,positive,1
54202,geranium,positive,1
54352,gift,positive,1
54362,gifted,positive,1
54382,gigantic,positive,1
54392,giggle,positive,1
54492,girder,positive,1
54542,giving,positive,1
54582,glad,positive,1
54612,gladness,positive,1
54712,glee,positive,1
54742,glide,positive,1
54752,glimmer,positive,1
54792,glittering,positive,1
54842,glorification,positive,1
54852,glorify,positive,1
54862,glory,positive,1
54872,gloss,positive,1
54912,glow,positive,1
54922,glowing,positive,1
55082,god,positive,1
55122,godly,positive,1
55132,godsend,positive,1
55162,gold,positive,1
55232,good,positive,1
55252,goodly,positive,1
55262,goodness,positive,1
55272,goods,positive,1
55282,goodwill,positive,1
55352,gorgeous,positive,1
55382,gospel,positive,1
55432,govern,positive,1
55502,grace,positive,1
55512,graceful,positive,1
55522,gracious,positive,1
55532,graciously,positive,1
55602,graduation,positive,1
55652,grandchildren,positive,1
55662,grandeur,positive,1
55692,grandmother,positive,1
55722,grant,positive,1
55732,granted,positive,1
55882,grateful,positive,1
55892,gratify,positive,1
55922,gratitude,positive,1
56062,greater,positive,1
56092,greatness,positive,1
56122,green,positive,1
56172,greeting,positive,1
56182,gregarious,positive,1
56332,grin,positive,1
56392,grist,positive,1
56402,grit,positive,1
56592,groundwork,positive,1
56652,grow,positive,1
56682,growth,positive,1
56772,guarantee,positive,1
56792,guard,positive,1
56812,guardian,positive,1
56822,guardianship,positive,1
56842,gubernatorial,positive,1
56892,guidance,positive,1
56902,guide,positive,1
56912,guidebook,positive,1
57112,guru,positive,1
57172,guts,positive,1
57222,gymnast,positive,1
57292,habitat,positive,1
57372,hail,positive,1
57402,hale,positive,1
57692,handy,positive,1
57812,happily,positive,1
57822,happiness,positive,1
57832,happy,positive,1
57942,hardy,positive,1
58022,harmoniously,positive,1
58042,harmony,positive,1
58122,harvest,positive,1
58312,haven,positive,1
58522,headway,positive,1
58542,heal,positive,1
58552,healing,positive,1
58572,healthful,positive,1
58582,healthy,positive,1
58682,heartfelt,positive,1
58692,hearth,positive,1
58702,heartily,positive,1
58822,heavenly,positive,1
58832,heavens,positive,1
58912,hedonism,positive,1
58952,heft,positive,1
59102,helmet,positive,1
59112,helper,positive,1
59122,helpful,positive,1
59302,herbal,positive,1
59462,hero,positive,1
59472,heroic,positive,1
59482,heroics,positive,1
59502,heroine,positive,1
59512,heroism,positive,1
59592,heyday,positive,1
59712,highest,positive,1
59772,hilarious,positive,1
59782,hilarity,positive,1
59902,hire,positive,1
60072,hobby,positive,1
60172,holiday,positive,1
60182,holiness,positive,1
60212,holy,positive,1
60222,homage,positive,1
60362,homology,positive,1
60402,honest,positive,1
60412,honesty,positive,1
60422,honey,positive,1
60442,honeymoon,positive,1
60462,honor,positive,1
60472,honorable,positive,1
60582,hope,positive,1
60592,hopeful,positive,1
60662,horizon,positive,1
60902,hospitality,positive,1
61032,household,positive,1
61062,housekeeping,positive,1
61172,hug,positive,1
61232,humane,positive,1
61242,humanitarian,positive,1
61262,humanity,positive,1
61272,humble,positive,1
61282,humbled,positive,1
61292,humbly,positive,1
61362,humility,positive,1
61402,humorist,positive,1
61412,humorous,positive,1
61542,hurrah,positive,1
61612,husbandry,positive,1
61622,hush,positive,1
61682,hut,positive,1
61802,hygienic,positive,1
61812,hymn,positive,1
62022,idealism,positive,1
62182,idol,positive,1
62382,illuminate,positive,1
62392,illumination,positive,1
62422,illustrate,positive,1
62452,illustrious,positive,1
62502,imaginative,positive,1
62592,immaculate,positive,1
62662,immediately,positive,1
62682,immense,positive,1
62692,immerse,positive,1
62762,immortal,positive,1
62782,immovable,positive,1
62872,impart,positive,1
62882,impartial,positive,1
62892,impartiality,positive,1
62962,impeccable,positive,1
63122,impervious,positive,1
63282,importance,positive,1
63292,important,positive,1
63402,impress,positive,1
63412,impression,positive,1
63502,improve,positive,1
63512,improved,positive,1
63522,improvement,positive,1
63532,improving,positive,1
63552,improvise,positive,1
63762,inalienable,positive,1
63852,inauguration,positive,1
64092,incisive,positive,1
64162,include,positive,1
64172,included,positive,1
64182,including,positive,1
64202,inclusive,positive,1
64232,income,positive,1
64422,increase,positive,1
64582,indelible,positive,1
64612,indemnity,positive,1
64652,independence,positive,1
64682,indestructible,positive,1
64892,individuality,positive,1
64932,indomitable,positive,1
65042,ineffable,positive,1
65212,inexpensive,positive,1
65262,infallible,positive,1
65302,infant,positive,1
65512,infiltration,positive,1
65522,infinite,positive,1
65552,infinity,positive,1
65662,influence,positive,1
65672,influential,positive,1
65732,information,positive,1
65832,ingenious,positive,1
65992,inheritance,positive,1
66062,inimitable,positive,1
66312,innocence,positive,1
66322,innocent,positive,1
66332,innocently,positive,1
66342,innocuous,positive,1
66352,innovate,positive,1
66362,innovation,positive,1
66452,inquirer,positive,1
66472,inquiry,positive,1
66482,inquisitive,positive,1
66562,inseparable,positive,1
66632,insignia,positive,1
66732,inspector,positive,1
66742,inspiration,positive,1
66752,inspire,positive,1
66762,inspired,positive,1
66892,instinctive,positive,1
66922,instruct,positive,1
66942,instruction,positive,1
66982,instructor,positive,1
67002,instrumental,positive,1
67122,insure,positive,1
67162,intact,positive,1
67222,integrity,positive,1
67232,intellect,positive,1
67242,intellectual,positive,1
67252,intelligence,positive,1
67262,intelligent,positive,1
67302,intended,positive,1
67322,intense,positive,1
67502,intercourse,positive,1
67542,interest,positive,1
67552,interested,positive,1
67562,interesting,positive,1
67602,interior,positive,1
67612,interlocutory,positive,1
67622,interlude,positive,1
67662,interminable,positive,1
67892,intervention,positive,1
67982,intimate,positive,1
68062,intonation,positive,1
68112,intrepid,positive,1
68242,intuition,positive,1
68252,intuitive,positive,1
68352,invariably,positive,1
68392,inventive,positive,1
68402,inventor,positive,1
68472,investigate,positive,1
68512,invigorate,positive,1
68552,invitation,positive,1
68562,invite,positive,1
68572,inviting,positive,1
68702,iron,positive,1
68782,irreducible,positive,1
68792,irrefutable,positive,1
69222,jackpot,positive,1
69292,jam,positive,1
69532,jest,positive,1
69642,job,positive,1
69692,join,positive,1
69702,joined,positive,1
69752,joker,positive,1
69762,joking,positive,1
69822,journalist,positive,1
69832,journey,positive,1
69852,jovial,positive,1
69862,joy,positive,1
69872,joyful,positive,1
69882,joyous,positive,1
69892,jubilant,positive,1
69902,jubilee,positive,1
69942,judicial,positive,1
69962,judicious,positive,1
70052,jump,positive,1
70172,justice,positive,1
70182,justifiable,positive,1
70192,justification,positive,1
70332,keepsake,positive,1
70352,ken,positive,1
70432,keynote,positive,1
70442,keystone,positive,1
70602,kind,positive,1
70622,kindness,positive,1
70632,kindred,positive,1
70652,king,positive,1
70712,kiss,positive,1
70752,kitten,positive,1
70762,knack,positive,1
70852,knight,positive,1
70922,knowing,positive,1
70942,knowledge,positive,1
70982,kudos,positive,1
71012,labor,positive,1
71092,lace,positive,1
71282,lamb,positive,1
71362,land,positive,1
71372,landed,positive,1
71662,laser,positive,1
71832,laudable,positive,1
71842,laugh,positive,1
71862,laughing,positive,1
71872,laughter,positive,1
71882,launch,positive,1
71902,laureate,positive,1
71912,laurel,positive,1
71922,laurels,positive,1
71972,lavish,positive,1
71992,lawful,positive,1
72122,lead,positive,1
72132,leader,positive,1
72192,league,positive,1
72272,learn,positive,1
72302,learning,positive,1
72372,lecturer,positive,1
72462,leeway,positive,1
72502,legal,positive,1
72532,legalized,positive,1
72562,legendary,positive,1
72572,legibility,positive,1
72582,legible,positive,1
72682,leisure,positive,1
72692,leisurely,positive,1
72702,lemma,positive,1
72822,lenient,positive,1
72922,lesson,positive,1
72982,lettered,positive,1
73032,level,positive,1
73052,leverage,positive,1
73162,liberal,positive,1
73182,liberate,positive,1
73192,liberation,positive,1
73202,liberty,positive,1
73232,library,positive,1
73352,lifeblood,positive,1
73462,lighthouse,positive,1
73522,liking,positive,1
73752,linguist,positive,1
73822,lion,positive,1
74042,lithe,positive,1
74572,logical,positive,1
74672,longevity,positive,1
74852,lord,positive,1
74872,lordship,positive,1
75042,lovable,positive,1
75052,love,positive,1
75062,lovely,positive,1
75072,lovemaking,positive,1
75082,lover,positive,1
75092,loving,positive,1
75152,loyal,positive,1
75162,loyalty,positive,1
75192,luck,positive,1
75202,lucky,positive,1
75452,luscious,positive,1
75482,luster,positive,1
75502,lustrous,positive,1
75532,luxuriant,positive,1
75542,luxurious,positive,1
75552,luxury,positive,1
75612,lyre,positive,1
75632,lyrical,positive,1
75812,magical,positive,1
75862,magnet,positive,1
75872,magnetism,positive,1
75882,magnetite,positive,1
75892,magnificence,positive,1
75902,magnificent,positive,1
75962,maiden,positive,1
75982,main,positive,1
76002,mainstay,positive,1
76022,majestic,positive,1
76032,majesty,positive,1
76042,major,positive,1
76052,majority,positive,1
76302,manage,positive,1
76312,management,positive,1
76342,mandarin,positive,1
76472,manhood,positive,1
76542,manifested,positive,1
76612,manly,positive,1
76622,manna,positive,1
76642,mannered,positive,1
76652,manners,positive,1
76722,manufacturer,positive,1
76802,march,positive,1
76892,marked,positive,1
76912,marketable,positive,1
76982,marquis,positive,1
76992,marriage,positive,1
77012,marrow,positive,1
77022,marry,positive,1
77042,marshal,positive,1
77102,marvel,positive,1
77112,marvelous,positive,1
77122,marvelously,positive,1
77132,masculine,positive,1
77222,massage,positive,1
77242,master,positive,1
77262,masterpiece,positive,1
77272,mastery,positive,1
77342,mate,positive,1
77442,maternal,positive,1
77502,matrimony,positive,1
77522,matron,positive,1
77622,maximum,positive,1
77632,mayor,positive,1
77662,meadow,positive,1
77772,measured,positive,1
77842,medal,positive,1
77922,mediate,positive,1
77932,mediation,positive,1
77942,mediator,positive,1
77952,medical,positive,1
78012,meditate,positive,1
78042,mediterranean,positive,1
78062,medley,positive,1
78222,memento,positive,1
78262,memorable,positive,1
78362,mending,positive,1
78392,menses,positive,1
78432,mentor,positive,1
78502,merciful,positive,1
78532,mercy,positive,1
78552,merge,positive,1
78582,merit,positive,1
78592,meritorious,positive,1
78612,merriment,positive,1
78622,merry,positive,1
78942,metropolitan,positive,1
78952,mettle,positive,1
79092,microscopy,positive,1
79192,midwife,positive,1
79202,midwifery,positive,1
79222,mighty,positive,1
79422,mime,positive,1
79482,mindful,positive,1
79492,mindfulness,positive,1
79632,ministry,positive,1
79742,miracle,positive,1
79752,miraculous,positive,1
79792,mirth,positive,1
80132,missionary,positive,1
80432,model,positive,1
80452,moderate,positive,1
80492,moderator,positive,1
80522,modest,positive,1
80532,modesty,positive,1
80802,momentum,positive,1
80862,monetary,positive,1
80872,money,positive,1
80882,monk,positive,1
81052,monument,positive,1
81202,moral,positive,1
81212,morality,positive,1
81222,morals,positive,1
81402,mortar,positive,1
81532,mother,positive,1
81542,motherhood,positive,1
81572,motive,positive,1
81792,movable,positive,1
81822,mover,positive,1
81962,mug,positive,1
82222,muscular,positive,1
82282,music,positive,1
82292,musical,positive,1
82402,mutable,positive,1
82482,mutual,positive,1
82762,nap,positive,1
82962,naturalist,positive,1
83092,navigable,positive,1
83152,neatly,positive,1
83262,nectar,positive,1
83282,needle,positive,1
83412,negotiate,positive,1
83432,negotiator,positive,1
83462,neighbor,positive,1
83542,nerve,positive,1
83592,nestle,positive,1
84042,nobility,positive,1
84052,noble,positive,1
84062,nobleman,positive,1
84202,nomination,positive,1
84372,normality,positive,1
84412,notable,positive,1
84422,notables,positive,1
84502,noted,positive,1
84572,notion,positive,1
84592,notoriety,positive,1
84642,nourishment,positive,1
84852,numbers,positive,1
84932,nurse,positive,1
84942,nursery,positive,1
84952,nurture,positive,1
84982,nutritious,positive,1
85032,oak,positive,1
85052,oasis,positive,1
85062,oath,positive,1
85082,obedience,positive,1
85212,objective,positive,1
85262,obliging,positive,1
85432,observant,positive,1
85592,obtainable,positive,1
85622,obvious,positive,1
85702,occupant,positive,1
85712,occupation,positive,1
85742,occupy,positive,1
85982,offer,positive,1
86032,officer,positive,1
86092,offset,positive,1
86102,offshoot,positive,1
86302,omnipotence,positive,1
86332,omniscient,positive,1
86562,openness,positive,1
86572,opera,positive,1
86702,opportune,positive,1
86722,opportunity,positive,1
86862,optimism,positive,1
86872,optimist,positive,1
86882,option,positive,1
86892,optional,positive,1
86962,oracle,positive,1
86992,oration,positive,1
87082,orchestra,positive,1
87092,ordained,positive,1
87122,orderly,positive,1
87152,ordination,positive,1
87202,organic,positive,1
87232,organization,positive,1
87242,organize,positive,1
87252,organized,positive,1
87262,orgasm,positive,1
87332,originality,positive,1
87402,ornamented,positive,1
87412,ornate,positive,1
87582,outburst,positive,1
87602,outcome,positive,1
87622,outdo,positive,1
87892,outstanding,positive,1
87912,outward,positive,1
88172,overjoyed,positive,1
88432,overwhelming,positive,1
88482,ownership,positive,1
88552,pacific,positive,1
88622,pad,positive,1
88632,padding,positive,1
88642,paddle,positive,1
88912,palatable,positive,1
88982,palliative,positive,1
89072,panacea,positive,1
89082,panache,positive,1
89142,panier,positive,1
89282,paprika,positive,1
89352,parade,positive,1
89402,paragon,positive,1
89472,paramount,positive,1
89512,paraphrase,positive,1
89572,pardon,positive,1
89612,parentage,positive,1
89652,parietal,positive,1
89842,partake,positive,1
89882,participation,positive,1
89972,partner,positive,1
89982,partnership,positive,1
90102,passion,positive,1
90112,passionate,positive,1
90182,pastime,positive,1
90192,pastor,positive,1
90202,pastry,positive,1
90212,pasture,positive,1
90282,patent,positive,1
90362,patience,positive,1
90372,patient,positive,1
90402,patriarchal,positive,1
90462,patron,positive,1
90472,patronage,positive,1
90622,pay,positive,1
90672,peace,positive,1
90682,peaceable,positive,1
90692,peaceful,positive,1
90702,peacock,positive,1
90772,peck,positive,1
90802,peculiarity,positive,1
90892,pedigree,positive,1
90952,peerless,positive,1
91042,penchant,positive,1
91292,perceive,positive,1
91312,perceptible,positive,1
91402,perennial,positive,1
91412,perfect,positive,1
91422,perfection,positive,1
91482,performer,positive,1
91672,perk,positive,1
91732,permission,positive,1
91872,perpetuity,positive,1
91962,persistence,positive,1
91972,persistent,positive,1
92002,personable,positive,1
92122,pertinent,positive,1
92302,petroleum,positive,1
92372,pharmaceutical,positive,1
92442,philanthropist,positive,1
92452,philanthropy,positive,1
92462,philosopher,positive,1
92512,phoenix,positive,1
92532,phonetic,positive,1
92712,physician,positive,1
92732,physics,positive,1
92742,physiology,positive,1
92752,physique,positive,1
92802,pick,positive,1
92862,picnic,positive,1
92892,picturesque,positive,1
92952,piety,positive,1
93042,pill,positive,1
93072,pillow,positive,1
93092,pilot,positive,1
93212,pinnacle,positive,1
93222,pioneer,positive,1
93232,pious,positive,1
93402,pith,positive,1
93442,pivot,positive,1
93492,placid,positive,1
93642,planning,positive,1
93852,playful,positive,1
93862,playground,positive,1
93872,playhouse,positive,1
93922,pleasant,positive,1
93932,pleased,positive,1
93942,pleasurable,positive,1
93972,pledge,positive,1
93992,plenary,positive,1
94002,plentiful,positive,1
94042,plexus,positive,1
94202,plum,positive,1
94222,plumb,positive,1
94312,plush,positive,1
94332,ply,positive,1
94472,pointedly,positive,1
94612,police,positive,1
94622,policeman,positive,1
94652,polish,positive,1
94662,polished,positive,1
94672,polite,positive,1
94682,politeness,positive,1
94692,politic,positive,1
94932,pool,positive,1
94972,pope,positive,1
95002,popularity,positive,1
95012,popularized,positive,1
95022,population,positive,1
95172,portable,positive,1
95322,possess,positive,1
95522,potable,positive,1
95532,potency,positive,1
95702,powerful,positive,1
95712,powerfully,positive,1
95772,practice,positive,1
95782,practiced,positive,1
95792,practise,positive,1
95822,praise,positive,1
95832,praised,positive,1
95842,praiseworthy,positive,1
95872,pray,positive,1
95942,precaution,positive,1
95962,precede,positive,1
95972,precedence,positive,1
96052,precious,positive,1
96102,precise,positive,1
96122,precision,positive,1
96252,predilection,positive,1
96302,predominant,positive,1
96322,preeminent,positive,1
96362,prefer,positive,1
96502,premier,positive,1
96522,premises,positive,1
96582,prepare,positive,1
96592,prepared,positive,1
96662,prescient,positive,1
96702,presence,positive,1
96712,present,positive,1
96722,presentable,positive,1
96742,presentment,positive,1
96762,preservative,positive,1
96772,preserve,positive,1
96822,president,positive,1
96862,prestige,positive,1
96872,presto,positive,1
96982,pretty,positive,1
96992,prevail,positive,1
97052,prevention,positive,1
97112,priceless,positive,1
97142,pride,positive,1
97152,priest,positive,1
97162,priesthood,positive,1
97172,priestly,positive,1
97192,primacy,positive,1
97202,primary,positive,1
97232,prime,positive,1
97252,primer,positive,1
97302,prince,positive,1
97312,princely,positive,1
97322,princess,positive,1
97332,principal,positive,1
97462,pristine,positive,1
97512,privileged,positive,1
97592,probity,positive,1
97612,procedure,positive,1
97662,procession,positive,1
97722,proctor,positive,1
97732,procure,positive,1
97762,prodigal,positive,1
97772,prodigious,positive,1
97782,prodigy,positive,1
97812,producer,positive,1
97822,producing,positive,1
97842,production,positive,1
97852,productive,positive,1
97862,productivity,positive,1
97902,profession,positive,1
97912,professional,positive,1
97922,professor,positive,1
97942,proficiency,positive,1
97952,proficient,positive,1
97982,profuse,positive,1
98082,progress,positive,1
98092,progression,positive,1
98102,progressive,positive,1
98232,prolific,positive,1
98292,prominence,positive,1
98302,prominently,positive,1
98322,promise,positive,1
98332,promising,positive,1
98382,promotion,positive,1
98502,prop,positive,1
98602,proper,positive,1
98642,prophet,positive,1
98662,prophylactic,positive,1
98732,proposition,positive,1
98832,prospect,positive,1
98872,prosper,positive,1
98882,prosperity,positive,1
98892,prosperous,positive,1
98942,protect,positive,1
98962,protecting,positive,1
98982,protective,positive,1
98992,protector,positive,1
99092,proud,positive,1
99102,prove,positive,1
99132,proverbial,positive,1
99142,provide,positive,1
99172,providing,positive,1
99342,prudence,positive,1
99352,prudent,positive,1
99392,psalm,positive,1
99522,public,positive,1
99662,pull,positive,1
99712,pulpit,positive,1
99782,punctual,positive,1
99792,punctuality,positive,1
99962,puppy,positive,1
100012,purely,positive,1
100042,purification,positive,1
100052,purify,positive,1
100062,purist,positive,1
100072,purity,positive,1
100122,purr,positive,1
100452,quaint,positive,1
100472,qualified,positive,1
100492,qualifying,positive,1
100782,quest,positive,1
100792,question,positive,1
100852,quickness,positive,1
100882,quiescent,positive,1
100892,quiet,positive,1
100932,quinine,positive,1
101022,quote,positive,1
101162,radiance,positive,1
101172,radiant,positive,1
101182,radiate,positive,1
101212,radio,positive,1
101712,rapt,positive,1
101732,rapture,positive,1
101862,rational,positive,1
101942,rave,positive,1
102062,reader,positive,1
102082,readily,positive,1
102092,readiness,positive,1
102102,reading,positive,1
102132,reaffirm,positive,1
102152,real,positive,1
102272,reason,positive,1
102322,reassurance,positive,1
102332,reassure,positive,1
102362,rebate,positive,1
102462,recast,positive,1
102512,received,positive,1
102532,receiving,positive,1
102602,recherche,positive,1
102652,reciprocate,positive,1
102732,reclamation,positive,1
102742,recline,positive,1
102772,recognizable,positive,1
102842,recommend,positive,1
102882,reconciliation,positive,1
102912,reconsideration,positive,1
102932,reconstruct,positive,1
102942,reconstruction,positive,1
102962,recorder,positive,1
102992,recoup,positive,1
103022,recovery,positive,1
103032,recreation,positive,1
103042,recreational,positive,1
103112,rectify,positive,1
103252,redemption,positive,1
103272,redress,positive,1
103402,refine,positive,1
103412,refinement,positive,1
103522,reform,positive,1
103532,reformation,positive,1
103542,reformer,positive,1
103602,refreshing,positive,1
103672,refurbish,positive,1
103752,regal,positive,1
103812,regent,positive,1
103942,regressive,positive,1
104002,regularity,positive,1
104022,regulate,positive,1
104072,rehabilitate,positive,1
104082,rehabilitation,positive,1
104112,reimburse,positive,1
104122,reimbursement,positive,1
104162,reinforcement,positive,1
104202,reinstate,positive,1
104292,rejoice,positive,1
104302,rejoicing,positive,1
104322,rejuvenate,positive,1
104332,rejuvenated,positive,1
104342,rekindle,positive,1
104432,relaxation,positive,1
104502,relevant,positive,1
104512,reliability,positive,1
104522,reliable,positive,1
104532,reliance,positive,1
104562,relief,positive,1
104572,relieving,positive,1
104662,remains,positive,1
104672,remake,positive,1
104702,remarkable,positive,1
104712,remarkably,positive,1
104732,remedy,positive,1
104812,remission,positive,1
104852,remodel,positive,1
104922,renaissance,positive,1
104952,render,positive,1
105002,renewal,positive,1
105022,renovate,positive,1
105042,renovation,positive,1
105052,renown,positive,1
105062,renowned,positive,1
105122,reorganize,positive,1
105142,reparation,positive,1
105152,repay,positive,1
105252,repent,positive,1
105322,replenish,positive,1
105332,replete,positive,1
105382,reporter,positive,1
105392,repose,positive,1
105442,represented,positive,1
105572,reproductive,positive,1
105642,reputable,positive,1
105752,rescue,positive,1
105852,reserve,positive,1
105922,resident,positive,1
105992,resilient,positive,1
106052,resistive,positive,1
106072,resolutely,positive,1
106172,resources,positive,1
106182,respect,positive,1
106192,respectability,positive,1
106202,respectable,positive,1
106222,respectful,positive,1
106232,respecting,positive,1
106252,respects,positive,1
106282,respite,positive,1
106292,resplendent,positive,1
106342,responsible,positive,1
106352,responsive,positive,1
106362,rest,positive,1
106382,restful,positive,1
106392,restitution,positive,1
106422,restorative,positive,1
106442,restoring,positive,1
106472,restraint,positive,1
106542,resumption,positive,1
106672,retention,positive,1
106722,retirement,positive,1
106902,reunion,positive,1
106922,revel,positive,1
106942,revels,positive,1
106982,revere,positive,1
106992,reverence,positive,1
107002,reverend,positive,1
107022,reverie,positive,1
107102,revise,positive,1
107132,revival,positive,1
107142,revive,positive,1
107192,revolution,positive,1
107202,revolutionary,positive,1
107252,reward,positive,1
107312,rhythm,positive,1
107322,rhythmical,positive,1
107352,ribbon,positive,1
107382,richness,positive,1
107462,rider,positive,1
107572,righteous,positive,1
107582,rightful,positive,1
107592,rightly,positive,1
107742,ripe,positive,1
107752,ripen,positive,1
107792,rising,positive,1
107912,riveting,positive,1
107942,roadster,positive,1
108052,robust,positive,1
108072,rock,positive,1
108102,rod,positive,1
108172,rollicking,positive,1
108192,romance,positive,1
108202,romantic,positive,1
108212,romanticism,positive,1
108222,romp,positive,1
108302,rooted,positive,1
108372,rosy,positive,1
108392,rota,positive,1
108602,routine,positive,1
108662,royalty,positive,1
108732,rubric,positive,1
109122,ruth,positive,1
109262,safe,positive,1
109272,safeguard,positive,1
109332,sage,positive,1
109372,saint,positive,1
109382,saintly,positive,1
109412,salary,positive,1
109442,salient,positive,1
109522,salutary,positive,1
109542,salute,positive,1
109562,salvation,positive,1
109572,salve,positive,1
109602,samurai,positive,1
109612,sanctification,positive,1
109632,sanctify,positive,1
109672,sanctuary,positive,1
109742,sanguine,positive,1
109752,sanitary,positive,1
109892,satin,positive,1
109932,satisfactorily,positive,1
109942,satisfied,positive,1
110072,save,positive,1
110092,savings,positive,1
110102,savor,positive,1
110112,savory,positive,1
110122,savvy,positive,1
110382,scarecrow,positive,1
110552,scholar,positive,1
110572,scholarship,positive,1
110652,scientific,positive,1
110662,scientist,positive,1
110672,scintilla,positive,1
110782,score,positive,1
111012,scribe,positive,1
111042,script,positive,1
111092,scrumptious,positive,1
111142,sculpture,positive,1
111172,sea,positive,1
111192,seal,positive,1
111322,seasoned,positive,1
111372,seclusion,positive,1
111422,secretariat,positive,1
112022,seniority,positive,1
112042,sensational,positive,1
112052,sense,positive,1
112082,sensibility,positive,1
112092,sensibly,positive,1
112122,sensual,positive,1
112132,sensuality,positive,1
112142,sensuous,positive,1
112182,sentimental,positive,1
112192,sentimentality,positive,1
112202,sentinel,positive,1
112382,serenity,positive,1
112442,sermon,positive,1
112482,serum,positive,1
112652,settlor,positive,1
112782,sex,positive,1
113062,shape,positive,1
113072,shapely,positive,1
113082,share,positive,1
113332,shelter,positive,1
113352,shepherd,positive,1
113442,shine,positive,1
113462,shining,positive,1
113692,shopping,positive,1
113832,shoulder,positive,1
113942,shrewd,positive,1
114422,silk,positive,1
114582,simplify,positive,1
114672,sincere,positive,1
114682,sincerity,positive,1
114702,sing,positive,1
114732,singly,positive,1
114842,sir,positive,1
114892,sisterhood,positive,1
115152,skilled,positive,1
115172,skillful,positive,1
115302,sky,positive,1
115432,slate,positive,1
115532,sleek,positive,1
115642,slender,positive,1
115722,slim,positive,1
116162,smile,positive,1
116172,smiling,positive,1
116212,smitten,positive,1
116282,smoothness,positive,1
116542,snicker,positive,1
116772,sobriety,positive,1
116802,sociable,positive,1
116952,solace,positive,1
116992,soldier,positive,1
117042,solid,positive,1
117092,solidity,positive,1
117162,solution,positive,1
117182,solvency,positive,1
117232,sonar,positive,1
117242,sonata,positive,1
117262,sonnet,positive,1
117272,sonorous,positive,1
117292,soothe,positive,1
117302,soothing,positive,1
117442,sorter,positive,1
117522,soundness,positive,1
117532,soup,positive,1
117602,spa,positive,1
117622,spacious,positive,1
117652,spaniel,positive,1
117722,sparkle,positive,1
117822,special,positive,1
117872,specie,positive,1
117952,spectacle,positive,1
118092,speech,positive,1
118152,speedy,positive,1
118172,spelling,positive,1
118262,spice,positive,1
118372,spine,positive,1
118432,spirit,positive,1
118442,spirits,positive,1
118522,splendid,positive,1
118532,splendor,positive,1
118692,sponsor,positive,1
118822,spotless,positive,1
118862,spouse,positive,1
118962,spruce,positive,1
119222,stable,positive,1
119232,staccato,positive,1
119342,stainless,positive,1
119432,stallion,positive,1
119452,stalwart,positive,1
119462,stamina,positive,1
119512,standing,positive,1
119572,star,positive,1
119632,starlight,positive,1
119642,starry,positive,1
119732,stately,positive,1
119742,statement,positive,1
119862,statue,positive,1
119892,status,positive,1
119922,staunch,positive,1
119982,steadfast,positive,1
120142,stellar,positive,1
120262,sterling,positive,1
120302,steward,positive,1
120452,stillness,positive,1
120812,store,positive,1
120942,straightforward,positive,1
121062,strategic,positive,1
121072,strategist,positive,1
121202,strength,positive,1
121212,strengthen,positive,1
121222,strengthening,positive,1
121312,striking,positive,1
121322,strikingly,positive,1
121432,strongly,positive,1
121452,structure,positive,1
121532,stud,positive,1
121582,study,positive,1
121712,sturdy,positive,1
121922,sublimation,positive,1
122172,substance,positive,1
122202,substantive,positive,1
122382,succeed,positive,1
122392,succeeding,positive,1
122402,success,positive,1
122412,successful,positive,1
122452,succinct,positive,1
122462,succulent,positive,1
122602,sufficiency,positive,1
122662,sugar,positive,1
122732,suitable,positive,1
122792,sultry,positive,1
122922,sun,positive,1
123022,sunny,positive,1
123042,sunset,positive,1
123052,sunshine,positive,1
123072,superb,positive,1
123102,superhuman,positive,1
123132,superior,positive,1
123142,superiority,positive,1
123162,superman,positive,1
123222,superstar,positive,1
123232,superstition,positive,1
123342,supplication,positive,1
123352,supplies,positive,1
123362,supply,positive,1
123372,supported,positive,1
123382,supporter,positive,1
123402,supporting,positive,1
123462,supremacy,positive,1
123472,supreme,positive,1
123482,supremely,positive,1
123502,surety,positive,1
123572,surmise,positive,1
123592,surpassing,positive,1
123612,surprise,positive,1
123682,surround,positive,1
123732,surveying,positive,1
123762,survive,positive,1
124062,swear,positive,1
124132,sweet,positive,1
124172,sweetheart,positive,1
124182,sweetie,positive,1
124192,sweetness,positive,1
124202,sweets,positive,1
124252,swift,positive,1
124282,swim,positive,1
124432,symbolic,positive,1
124482,symmetrical,positive,1
124492,symmetry,positive,1
124502,sympathetic,positive,1
124522,sympathy,positive,1
124532,symphony,positive,1
124572,synchronize,positive,1
124612,synergistic,positive,1
124632,synod,positive,1
124652,synonymous,positive,1
124932,tact,positive,1
125062,tale,positive,1
125072,talent,positive,1
125092,talisman,positive,1
125102,talk,positive,1
125272,tanned,positive,1
125282,tantalizing,positive,1
125452,task,positive,1
125482,tasteful,positive,1
125512,tasty,positive,1
125632,teach,positive,1
125642,teacher,positive,1
125752,technology,positive,1
125802,teens,positive,1
125952,temperance,positive,1
125982,tempered,positive,1
126082,tenable,positive,1
126092,tenacious,positive,1
126102,tenacity,positive,1
126112,tenancy,positive,1
126122,tenant,positive,1
126142,tender,positive,1
126152,tenderness,positive,1
126712,thankful,positive,1
126722,thanksgiving,positive,1
126872,theoretical,positive,1
126892,therapeutic,positive,1
126902,therapeutics,positive,1
127112,thinker,positive,1
127232,thoroughbred,positive,1
127262,thoughtful,positive,1
127272,thoughtfulness,positive,1
127402,thrift,positive,1
127422,thrill,positive,1
127432,thrilling,positive,1
127442,thriving,positive,1
127482,throne,positive,1
127692,tickle,positive,1
127842,tiling,positive,1
127952,timely,positive,1
128082,tinsel,positive,1
128222,title,positive,1
128272,toast,positive,1
128392,tolerant,positive,1
128412,toleration,positive,1
128612,top,positive,1
128952,toughness,positive,1
129042,tower,positive,1
129052,towering,positive,1
129262,traditional,positive,1
129422,tranquil,positive,1
129432,tranquility,positive,1
129472,transcendence,positive,1
129492,transcendental,positive,1
129952,traveling,positive,1
130062,treasure,positive,1
130092,treat,positive,1
130142,tree,positive,1
130202,tremendously,positive,1
130232,trend,positive,1
130252,trendy,positive,1
130352,tributary,positive,1
130362,tribute,positive,1
130442,trig,positive,1
130632,triumph,positive,1
130642,triumphant,positive,1
130712,trophy,positive,1
130802,truce,positive,1
130822,true,positive,1
130942,trusty,positive,1
130952,truth,positive,1
130972,truthfulness,positive,1
131392,tutelage,positive,1
131402,tutor,positive,1
131492,twin,positive,1
131512,twinkle,positive,1
131752,ultimately,positive,1
131822,umpire,positive,1
131942,unanimity,positive,1
131952,unanimous,positive,1
132012,unassuming,positive,1
132112,unbeaten,positive,1
132142,unbiased,positive,1
132182,unbreakable,positive,1
132192,unbridled,positive,1
132202,unbroken,positive,1
132422,unconstrained,positive,1
132632,underline,positive,1
132702,understanding,positive,1
132762,underwrite,positive,1
132872,undivided,positive,1
132942,undying,positive,1
133062,unequivocally,positive,1
133092,unexpected,positive,1
133222,unfold,positive,1
133392,unification,positive,1
133422,uniformly,positive,1
133432,unimaginable,positive,1
133472,uninfected,positive,1
133612,unique,positive,1
133622,unison,positive,1
133642,unitary,positive,1
133662,united,positive,1
133672,unity,positive,1
133712,university,positive,1
133822,unlimited,positive,1
134182,unpretentious,positive,1
134242,unquestionable,positive,1
134252,unquestionably,positive,1
134262,unquestioned,positive,1
134472,unscathed,positive,1
134522,unselfish,positive,1
134642,unsurpassed,positive,1
134742,untie,positive,1
134932,unwavering,positive,1
135072,uphill,positive,1
135112,uplift,positive,1
135132,upright,positive,1
135312,usefulness,positive,1
135332,usher,positive,1
135342,usual,positive,1
135402,utility,positive,1
135442,utopian,positive,1
135482,vacation,positive,1
135502,vaccine,positive,1
135612,valiant,positive,1
135642,valor,positive,1
135652,valuable,positive,1
135722,vanguard,positive,1
135772,vanquish,positive,1
136162,velvet,positive,1
136172,velvety,positive,1
136222,venerable,positive,1
136232,veneration,positive,1
136372,veracity,positive,1
136442,verdant,positive,1
136472,verification,positive,1
136482,verified,positive,1
136502,verily,positive,1
136512,veritable,positive,1
136542,vernal,positive,1
136682,verve,positive,1
136772,veteran,positive,1
136872,vicar,positive,1
136942,victor,positive,1
136962,victorious,positive,1
136972,victory,positive,1
137022,vigilance,positive,1
137032,vigilant,positive,1
137052,vigor,positive,1
137062,vigorous,positive,1
137102,villager,positive,1
137152,vindicated,positive,1
137162,vindication,positive,1
137292,virgin,positive,1
137302,virginity,positive,1
137342,virtue,positive,1
137362,virtuous,positive,1
137472,vision,positive,1
137482,visionary,positive,1
137492,visit,positive,1
137522,visitor,positive,1
137572,vital,positive,1
137582,vitality,positive,1
137602,vivacious,positive,1
137612,vivid,positive,1
137632,vocabulary,positive,1
137812,volunteer,positive,1
137842,voluptuous,positive,1
137902,vote,positive,1
137932,vouch,positive,1
137952,vow,positive,1
138102,wages,positive,1
138542,warranty,positive,1
138562,warrior,positive,1
138682,watchdog,positive,1
138692,watchful,positive,1
138702,watchman,positive,1
138742,waterproof,positive,1
138892,wealth,positive,1
138992,weatherproof,positive,1
139162,weight,positive,1
139232,welcomed,positive,1
139622,white,positive,1
139632,whiteness,positive,1
139662,wholesome,positive,1
139752,wicket,positive,1
139792,widespread,positive,1
139922,willingly,positive,1
139932,willingness,positive,1
140022,windfall,positive,1
140112,winner,positive,1
140122,winning,positive,1
140132,winnings,positive,1
140182,wireless,positive,1
140192,wis,positive,1
140202,wisdom,positive,1
140212,wise,positive,1
140242,wit,positive,1
140322,withstand,positive,1
140342,wits,positive,1
140352,witty,positive,1
140362,wizard,positive,1
140432,womb,positive,1
140442,wonderful,positive,1
140452,wonderfully,positive,1
140462,wondrous,positive,1
140582,word,positive,1
140652,working,positive,1
140812,worship,positive,1
140822,worth,positive,1
140842,worthy,positive,1
140852,wot,positive,1
141132,writer,positive,1
141402,yearning,positive,1
141582,young,positive,1
141592,younger,positive,1
141602,youth,positive,1
141632,zeal,positive,1
141652,zealous,positive,1
141702,zest,positive,1
